,open,high,low,close,adjclose,volume,ticker
2018-09-30,712.9000244140625,712.9000244140625,712.9000244140625,712.9000244140625,712.9000244140625,0.0,QNCO.TA
2018-10-01,712.9000244140625,712.9000244140625,712.9000244140625,712.9000244140625,712.9000244140625,0.0,QNCO.TA
2018-10-02,746.0,746.0,729.0999755859375,729.0999755859375,729.0999755859375,863.0,QNCO.TA
2018-10-03,734.0,734.0,700.0,706.7999877929688,706.7999877929688,6737.0,QNCO.TA
2018-10-04,735.0,735.0,705.0999755859375,719.9000244140625,719.9000244140625,4083.0,QNCO.TA
2018-10-07,719.9000244140625,719.9000244140625,686.0,699.7999877929688,699.7999877929688,2217.0,QNCO.TA
2018-10-08,714.9000244140625,714.9000244140625,682.2999877929688,686.2999877929688,686.2999877929688,6225.0,QNCO.TA
2018-10-09,700.0,700.0,700.0,686.4000244140625,686.4000244140625,2.0,QNCO.TA
2018-10-10,700.0,700.0,700.0,686.4000244140625,686.4000244140625,1.0,QNCO.TA
2018-10-11,686.4000244140625,686.4000244140625,686.4000244140625,686.4000244140625,686.4000244140625,1852.0,QNCO.TA
2018-10-14,,,,,,,QNCO.TA
2018-10-15,650.0,674.7999877929688,650.0,661.7999877929688,661.7999877929688,5372.0,QNCO.TA
2018-10-16,661.7999877929688,661.7999877929688,652.5999755859375,656.7000122070312,656.7000122070312,156.0,QNCO.TA
2018-10-17,660.0,671.7999877929688,650.0,653.0999755859375,653.0999755859375,2405.0,QNCO.TA
2018-10-18,654.0,654.0,654.0,653.0999755859375,653.0999755859375,2.0,QNCO.TA
2018-10-21,699.9000244140625,699.9000244140625,698.7000122070312,698.7000122070312,698.7000122070312,431.0,QNCO.TA
2018-10-22,698.7000122070312,698.7000122070312,670.0,683.5999755859375,683.5999755859375,157.0,QNCO.TA
2018-10-23,686.0,686.0,637.0,656.9000244140625,656.9000244140625,17193.0,QNCO.TA
2018-10-24,690.0,690.0,672.9000244140625,672.9000244140625,672.9000244140625,1189.0,QNCO.TA
2018-10-25,672.9000244140625,672.9000244140625,672.9000244140625,672.9000244140625,672.9000244140625,10.0,QNCO.TA
2018-10-28,642.0,688.0,642.0,661.2000122070312,661.2000122070312,1654.0,QNCO.TA
2018-10-29,661.2000122070312,642.0,637.0,640.7999877929688,640.7999877929688,2518.0,QNCO.TA
2018-10-30,640.7999877929688,640.7999877929688,640.7999877929688,640.7999877929688,640.7999877929688,0.0,QNCO.TA
2018-10-31,640.7999877929688,637.0999755859375,637.0,637.0,637.0,917.0,QNCO.TA
2018-11-01,637.0,694.0,640.0,675.7999877929688,675.7999877929688,2436.0,QNCO.TA
2018-11-04,675.7999877929688,675.7999877929688,664.0,668.0,668.0,1012.0,QNCO.TA
2018-11-05,668.0,661.9000244140625,661.9000244140625,667.2000122070312,667.2000122070312,41.0,QNCO.TA
2018-11-06,670.0,670.0,670.0,669.4000244140625,669.4000244140625,242.0,QNCO.TA
2018-11-07,669.4000244140625,729.0,718.0,718.0,718.0,623.0,QNCO.TA
2018-11-08,718.0,690.0,638.0,673.2999877929688,673.2999877929688,7699.0,QNCO.TA
2018-11-11,673.2999877929688,673.2999877929688,673.2999877929688,673.2999877929688,673.2999877929688,0.0,QNCO.TA
2018-11-12,673.2999877929688,676.0,645.0,672.0999755859375,672.0999755859375,1120.0,QNCO.TA
2018-11-13,672.0999755859375,639.0,639.0,671.9000244140625,671.9000244140625,2.0,QNCO.TA
2018-11-14,671.9000244140625,637.0,637.0,664.4000244140625,664.4000244140625,67.0,QNCO.TA
2018-11-15,664.4000244140625,665.7000122070312,665.0,665.0999755859375,665.0999755859375,433.0,QNCO.TA
2018-11-18,665.0999755859375,687.0,679.5,681.2999877929688,681.2999877929688,1551.0,QNCO.TA
2018-11-19,681.2999877929688,669.0,669.0,669.0,669.0,24310.0,QNCO.TA
2018-11-20,669.0,637.0,637.0,637.0,637.0,2383.0,QNCO.TA
2018-11-21,700.0,700.0,637.0,664.2000122070312,664.2000122070312,1444.0,QNCO.TA
2018-11-22,664.2000122070312,649.0,649.0,655.5999755859375,655.5999755859375,175.0,QNCO.TA
2018-11-25,663.9000244140625,663.9000244140625,663.9000244140625,655.5999755859375,655.5999755859375,1.0,QNCO.TA
2018-11-26,655.5999755859375,695.0,653.9000244140625,658.0,658.0,16971.0,QNCO.TA
2018-11-27,658.0,690.0,658.0,667.5999755859375,667.5999755859375,1433.0,QNCO.TA
2018-11-28,680.0,699.9000244140625,680.0,692.5,692.5,3775.0,QNCO.TA
2018-11-29,692.5,710.0,658.2999877929688,700.5,700.5,24629.0,QNCO.TA
2018-12-02,700.5,736.4000244140625,690.0999755859375,703.7999877929688,703.7999877929688,5150.0,QNCO.TA
2018-12-03,738.0,738.0,689.0,698.5999755859375,698.5999755859375,7248.0,QNCO.TA
2018-12-04,749.7000122070312,749.7000122070312,725.0,725.7000122070312,725.7000122070312,1303.0,QNCO.TA
2018-12-05,725.7000122070312,725.7000122070312,699.0,707.0,707.0,7492.0,QNCO.TA
2018-12-06,707.0,749.7999877929688,700.0,726.7000122070312,726.7000122070312,18229.0,QNCO.TA
2018-12-09,726.7000122070312,740.0,702.7999877929688,718.0999755859375,718.0999755859375,35645.0,QNCO.TA
2018-12-10,702.7000122070312,737.5999755859375,702.7000122070312,714.0999755859375,714.0999755859375,1733.0,QNCO.TA
2018-12-11,745.0,745.0,745.0,718.7999877929688,718.7999877929688,44.0,QNCO.TA
2018-12-12,718.7999877929688,700.0999755859375,690.0,694.2000122070312,694.2000122070312,2672.0,QNCO.TA
2018-12-13,745.0,745.0,701.0,730.0999755859375,730.0999755859375,3324.0,QNCO.TA
2018-12-16,730.0999755859375,710.0,690.0,700.0,700.0,1976.0,QNCO.TA
2018-12-17,744.7999877929688,744.7999877929688,716.9000244140625,737.2000122070312,737.2000122070312,1471.0,QNCO.TA
2018-12-18,737.2000122070312,725.0,700.7000122070312,715.2999877929688,715.2999877929688,4253.0,QNCO.TA
2018-12-19,715.2999877929688,711.2000122070312,692.7999877929688,706.5,706.5,1386.0,QNCO.TA
2018-12-20,706.5,706.5,680.0,705.2000122070312,705.2000122070312,3152.0,QNCO.TA
2018-12-23,705.2000122070312,687.0999755859375,680.0,686.0,686.0,10391.0,QNCO.TA
2018-12-24,686.0,700.0,700.0,695.2999877929688,695.2999877929688,193.0,QNCO.TA
2018-12-25,695.2999877929688,695.2999877929688,695.2999877929688,695.2999877929688,695.2999877929688,5.0,QNCO.TA
2018-12-26,695.2999877929688,680.0999755859375,680.0999755859375,680.0999755859375,680.0999755859375,432.0,QNCO.TA
2018-12-27,680.0999755859375,722.9000244140625,701.0,718.2999877929688,718.2999877929688,877.0,QNCO.TA
2018-12-30,718.2999877929688,687.0,652.7000122070312,685.5,685.5,565.0,QNCO.TA
2018-12-31,699.9000244140625,699.9000244140625,697.7000122070312,698.9000244140625,698.9000244140625,1019.0,QNCO.TA
2019-01-01,698.9000244140625,705.7999877929688,705.7999877929688,699.7999877929688,699.7999877929688,38.0,QNCO.TA
2019-01-02,723.9000244140625,723.9000244140625,679.9000244140625,695.2000122070312,695.2000122070312,89.0,QNCO.TA
2019-01-03,698.9000244140625,698.9000244140625,670.0,670.0,670.0,719.0,QNCO.TA
2019-01-06,700.0,700.0,690.0,694.5,694.5,3841.0,QNCO.TA
2019-01-07,694.5,659.7999877929688,659.7999877929688,662.2000122070312,662.2000122070312,270.0,QNCO.TA
2019-01-08,645.0,698.0,645.0,687.5,687.5,16198.0,QNCO.TA
2019-01-09,700.0,700.0,699.5,699.7000122070312,699.7000122070312,5847.0,QNCO.TA
2019-01-10,699.7000122070312,723.9000244140625,664.7999877929688,704.0,704.0,5924.0,QNCO.TA
2019-01-13,704.0,720.0,686.0999755859375,700.7999877929688,700.7999877929688,4586.0,QNCO.TA
2019-01-14,700.7999877929688,705.7000122070312,700.7999877929688,702.2999877929688,702.2999877929688,3194.0,QNCO.TA
2019-01-15,723.9000244140625,723.9000244140625,723.7999877929688,723.7999877929688,723.7999877929688,4015.0,QNCO.TA
2019-01-16,723.7999877929688,738.9000244140625,690.0,724.7999877929688,724.7999877929688,7505.0,QNCO.TA
2019-01-17,735.0,735.0,700.5,729.7000122070312,729.7000122070312,4633.0,QNCO.TA
2019-01-20,739.0,739.0,703.0,726.4000244140625,726.4000244140625,4287.0,QNCO.TA
2019-01-21,739.0,739.0,719.0,734.7999877929688,734.7999877929688,3864.0,QNCO.TA
2019-01-22,734.7999877929688,739.0,734.7999877929688,735.5999755859375,735.5999755859375,810.0,QNCO.TA
2019-01-23,735.5999755859375,775.7999877929688,700.0,754.4000244140625,754.4000244140625,4041.0,QNCO.TA
2019-01-24,754.4000244140625,754.0999755859375,720.0,733.2000122070312,733.2000122070312,8197.0,QNCO.TA
2019-01-27,799.0,799.0,739.7999877929688,757.0,757.0,7604.0,QNCO.TA
2019-01-28,765.0,765.0,757.0,761.2999877929688,761.2999877929688,3004.0,QNCO.TA
2019-01-29,799.0,799.0,759.5,796.9000244140625,796.9000244140625,5313.0,QNCO.TA
2019-01-30,800.0,849.0,800.0,823.5,823.5,14399.0,QNCO.TA
2019-01-31,850.0,920.0,844.9000244140625,857.4000244140625,857.4000244140625,14644.0,QNCO.TA
2019-02-03,860.0,860.0,831.5999755859375,847.5,847.5,28505.0,QNCO.TA
2019-02-04,847.5,888.0,847.5,860.4000244140625,860.4000244140625,8620.0,QNCO.TA
2019-02-05,890.0,960.0,890.0,908.2000122070312,908.2000122070312,16897.0,QNCO.TA
2019-02-06,880.0,899.0,827.5,868.4000244140625,868.4000244140625,4966.0,QNCO.TA
2019-02-07,868.4000244140625,960.0,877.0,944.2999877929688,944.2999877929688,34575.0,QNCO.TA
2019-02-10,969.0,969.0,919.0,952.7999877929688,952.7999877929688,18595.0,QNCO.TA
2019-02-11,952.7999877929688,960.0,950.0,952.2000122070312,952.2000122070312,1390.0,QNCO.TA
2019-02-12,952.2000122070312,908.0,867.9000244140625,904.4000244140625,904.4000244140625,5318.0,QNCO.TA
2019-02-13,955.0,955.0,880.0,888.2000122070312,888.2000122070312,1630.0,QNCO.TA
2019-02-14,950.0,950.0,820.0,826.9000244140625,826.9000244140625,7945.0,QNCO.TA
2019-02-17,839.9000244140625,854.9000244140625,839.9000244140625,846.7000122070312,846.7000122070312,1767.0,QNCO.TA
2019-02-18,855.0,860.2999877929688,855.0,855.7000122070312,855.7000122070312,1948.0,QNCO.TA
2019-02-19,900.0,900.0,840.0,860.7999877929688,860.7999877929688,3672.0,QNCO.TA
2019-02-20,889.9000244140625,889.9000244140625,819.9000244140625,820.0,820.0,12165.0,QNCO.TA
2019-02-21,850.0,858.5,845.0,853.7999877929688,853.7999877929688,725.0,QNCO.TA
2019-02-24,853.7999877929688,853.7999877929688,845.0,845.0,845.0,302.0,QNCO.TA
2019-02-25,845.0,845.0,829.7999877929688,840.0999755859375,840.0999755859375,1827.0,QNCO.TA
2019-02-26,840.0999755859375,915.0,785.0,804.7999877929688,804.7999877929688,8082.0,QNCO.TA
2019-02-27,860.0,860.0,810.0,818.2000122070312,818.2000122070312,6277.0,QNCO.TA
2019-02-28,845.0,845.0,795.0,817.7999877929688,817.7999877929688,2219.0,QNCO.TA
2019-03-03,817.7999877929688,855.9000244140625,817.7999877929688,844.4000244140625,844.4000244140625,852.0,QNCO.TA
2019-03-04,855.9000244140625,855.9000244140625,840.0,840.2000122070312,840.2000122070312,642.0,QNCO.TA
2019-03-05,855.9000244140625,855.9000244140625,855.9000244140625,853.2999877929688,853.2999877929688,200.0,QNCO.TA
2019-03-06,853.2999877929688,853.2999877929688,853.2999877929688,853.2999877929688,853.2999877929688,1.0,QNCO.TA
2019-03-07,853.2999877929688,853.2999877929688,781.0,781.0,781.0,3626.0,QNCO.TA
2019-03-10,840.0,840.0,840.0,840.0,840.0,240.0,QNCO.TA
2019-03-11,830.0,830.0,830.0,830.0,830.0,856.0,QNCO.TA
2019-03-12,839.0,839.0,813.7999877929688,823.4000244140625,823.4000244140625,99.0,QNCO.TA
2019-03-13,838.9000244140625,838.9000244140625,838.9000244140625,824.7000122070312,824.7000122070312,20.0,QNCO.TA
2019-03-14,838.9000244140625,838.9000244140625,838.9000244140625,826.4000244140625,826.4000244140625,28.0,QNCO.TA
2019-03-17,839.0,839.0,839.0,826.5999755859375,826.5999755859375,3.0,QNCO.TA
2019-03-18,838.0,838.0,838.0,835.0,835.0,176.0,QNCO.TA
2019-03-19,839.0,839.0,839.0,836.2999877929688,836.2999877929688,76.0,QNCO.TA
2019-03-20,839.0,839.0,839.0,836.4000244140625,836.4000244140625,12.0,QNCO.TA
2019-03-21,836.4000244140625,836.4000244140625,836.4000244140625,836.4000244140625,836.4000244140625,0.0,QNCO.TA
2019-03-24,836.4000244140625,836.4000244140625,836.4000244140625,836.4000244140625,836.4000244140625,55.0,QNCO.TA
2019-03-25,794.0,833.5,794.0,800.2999877929688,800.2999877929688,503.0,QNCO.TA
2019-03-26,800.2999877929688,817.0,750.0,792.0999755859375,792.0999755859375,16163.0,QNCO.TA
2019-03-27,792.0999755859375,792.0999755859375,792.0999755859375,792.0999755859375,792.0999755859375,199.0,QNCO.TA
2019-03-28,792.0999755859375,775.0,775.0,787.0,787.0,72.0,QNCO.TA
2019-03-31,787.0,785.0,775.0,776.5,776.5,2465.0,QNCO.TA
2019-04-01,776.5,800.0,725.0,786.4000244140625,786.4000244140625,26921.0,QNCO.TA
2019-04-02,786.4000244140625,760.0,747.5,754.4000244140625,754.4000244140625,5576.0,QNCO.TA
2019-04-03,754.4000244140625,797.7999877929688,755.0,757.0,757.0,12529.0,QNCO.TA
2019-04-04,800.0,800.0,792.2999877929688,800.0,800.0,76760.0,QNCO.TA
2019-04-07,800.0,800.0,750.0,795.0,795.0,12367.0,QNCO.TA
2019-04-08,795.0,795.0,795.0,795.0,795.0,7.0,QNCO.TA
2019-04-09,795.0,795.0,795.0,795.0,795.0,0.0,QNCO.TA
2019-04-10,795.0,795.0,795.0,795.0,795.0,250.0,QNCO.TA
2019-04-11,795.0,790.0,790.0,792.4000244140625,792.4000244140625,133.0,QNCO.TA
2019-04-14,792.4000244140625,792.4000244140625,792.4000244140625,792.4000244140625,792.4000244140625,129.0,QNCO.TA
2019-04-15,792.4000244140625,790.0,790.0,790.0,790.0,597.0,QNCO.TA
2019-04-16,790.0,795.0,790.0,790.7000122070312,790.7000122070312,1231.0,QNCO.TA
2019-04-17,790.7000122070312,805.0,770.0,781.5,781.5,3031.0,QNCO.TA
2019-04-18,781.5,750.2000122070312,750.2000122070312,764.5,764.5,141.0,QNCO.TA
2019-04-21,764.5,780.0,750.0,780.0,780.0,36302.0,QNCO.TA
2019-04-22,780.0,800.0,750.0,794.5999755859375,794.5999755859375,4882.0,QNCO.TA
2019-04-23,794.5999755859375,866.0,847.9000244140625,848.2999877929688,848.2999877929688,3702.0,QNCO.TA
2019-04-24,848.2999877929688,850.0,825.0,842.5,842.5,4191.0,QNCO.TA
2019-04-25,842.5,842.5,842.5,842.5,842.5,0.0,QNCO.TA
2019-04-28,842.5,866.0,842.5,854.2000122070312,854.2000122070312,1777.0,QNCO.TA
2019-04-29,854.2000122070312,854.2000122070312,849.9000244140625,850.5999755859375,850.5999755859375,1661.0,QNCO.TA
2019-04-30,850.5999755859375,834.5,790.0,797.9000244140625,797.9000244140625,130841.0,QNCO.TA
2019-05-01,797.9000244140625,849.7999877929688,769.0,796.4000244140625,796.4000244140625,21014.0,QNCO.TA
2019-05-02,796.4000244140625,867.0,780.0,784.9000244140625,784.9000244140625,3235.0,QNCO.TA
2019-05-05,784.9000244140625,855.0,799.0,803.5,803.5,22616.0,QNCO.TA
2019-05-06,803.5,803.5,803.5,803.5,803.5,165.0,QNCO.TA
2019-05-07,841.0,841.0,805.0999755859375,809.5999755859375,809.5999755859375,3229.0,QNCO.TA
2019-05-08,809.5999755859375,809.5999755859375,809.5999755859375,809.5999755859375,809.5999755859375,0.0,QNCO.TA
2019-05-09,809.5999755859375,809.5999755859375,809.5999755859375,809.5999755859375,809.5999755859375,0.0,QNCO.TA
2019-05-12,849.0,849.0,809.5999755859375,810.2999877929688,810.2999877929688,267.0,QNCO.TA
2019-05-13,840.0,840.0,815.0,815.0,815.0,19380.0,QNCO.TA
2019-05-14,815.0,840.0,815.0,823.5999755859375,823.5999755859375,531.0,QNCO.TA
2019-05-15,823.5999755859375,823.5999755859375,823.5999755859375,823.5999755859375,823.5999755859375,0.0,QNCO.TA
2019-05-16,805.2999877929688,825.0,800.0,824.7999877929688,824.7999877929688,1200.0,QNCO.TA
2019-05-19,824.7999877929688,825.0,824.7999877929688,824.9000244140625,824.9000244140625,923.0,QNCO.TA
2019-05-20,824.9000244140625,810.7999877929688,810.0999755859375,810.7000122070312,810.7000122070312,302.0,QNCO.TA
2019-05-21,810.7000122070312,810.7000122070312,810.7000122070312,810.7000122070312,810.7000122070312,0.0,QNCO.TA
2019-05-22,828.4000244140625,810.0999755859375,810.0,810.0,810.0,5529.0,QNCO.TA
2019-05-23,810.0,813.2999877929688,805.2000122070312,806.0,806.0,9505.0,QNCO.TA
2019-05-26,806.0,878.0,878.0,874.5,874.5,238.0,QNCO.TA
2019-05-27,880.0,880.0,874.5,874.5,874.5,904.0,QNCO.TA
2019-05-28,874.5,882.0,874.2000122070312,877.5,877.5,14254.0,QNCO.TA
2019-05-29,877.5,878.9000244140625,800.0,858.7000122070312,858.7000122070312,5288.0,QNCO.TA
2019-05-30,882.0,882.0,881.5999755859375,881.7000122070312,881.7000122070312,2343.0,QNCO.TA
2019-06-02,882.0,882.0,810.7999877929688,811.7000122070312,811.7000122070312,716.0,QNCO.TA
2019-06-03,811.7000122070312,855.0,811.7000122070312,853.5999755859375,853.5999755859375,1860.0,QNCO.TA
2019-06-04,853.5999755859375,882.0,800.0,854.0999755859375,854.0999755859375,1218.0,QNCO.TA
2019-06-05,854.0999755859375,860.0,859.9000244140625,860.0,860.0,2532.0,QNCO.TA
2019-06-06,860.0,874.9000244140625,800.0999755859375,837.2999877929688,837.2999877929688,2067.0,QNCO.TA
2019-06-09,837.2999877929688,837.2999877929688,837.2999877929688,837.2999877929688,837.2999877929688,0.0,QNCO.TA
2019-06-10,837.2999877929688,837.0,837.0,837.0,837.0,837.0,QNCO.TA
2019-06-11,837.0,837.0,836.9000244140625,837.0,837.0,3457.0,QNCO.TA
2019-06-12,837.0,888.0,837.0,861.2000122070312,861.2000122070312,16485.0,QNCO.TA
2019-06-13,898.9000244140625,898.9000244140625,898.9000244140625,862.2999877929688,862.2999877929688,7.0,QNCO.TA
2019-06-16,862.2999877929688,862.2999877929688,862.2999877929688,862.2999877929688,862.2999877929688,66.0,QNCO.TA
2019-06-17,862.2999877929688,862.2999877929688,836.4000244140625,858.7999877929688,858.7999877929688,34.0,QNCO.TA
2019-06-18,858.7999877929688,858.7999877929688,858.7999877929688,858.7999877929688,858.7999877929688,503.0,QNCO.TA
2019-06-19,858.7999877929688,858.7999877929688,858.7999877929688,858.7999877929688,858.7999877929688,10.0,QNCO.TA
2019-06-20,858.7999877929688,858.7999877929688,858.7999877929688,858.7999877929688,858.7999877929688,233.0,QNCO.TA
2019-06-23,860.0,860.0,823.4000244140625,853.5999755859375,853.5999755859375,38.0,QNCO.TA
2019-06-24,859.9000244140625,859.9000244140625,859.9000244140625,853.5999755859375,853.5999755859375,1.0,QNCO.TA
2019-06-25,859.9000244140625,859.9000244140625,777.0,785.5999755859375,785.5999755859375,2206.0,QNCO.TA
2019-06-26,820.0,830.0,810.2000122070312,823.4000244140625,823.4000244140625,10893.0,QNCO.TA
2019-06-27,823.4000244140625,823.4000244140625,823.4000244140625,823.4000244140625,823.4000244140625,313.0,QNCO.TA
2019-06-30,830.0,830.0,830.0,830.0,830.0,1552.0,QNCO.TA
2019-07-01,830.0,830.0,805.0,829.5,829.5,18713.0,QNCO.TA
2019-07-02,829.5,829.5,821.2000122070312,827.7999877929688,827.7999877929688,1510.0,QNCO.TA
2019-07-03,827.7999877929688,849.0,800.0,842.5999755859375,842.5999755859375,597.0,QNCO.TA
2019-07-04,842.5999755859375,850.0999755859375,843.0,845.0999755859375,845.0999755859375,5251.0,QNCO.TA
2019-07-07,845.0999755859375,850.0,827.2000122070312,848.5999755859375,848.5999755859375,2545.0,QNCO.TA
2019-07-08,848.5999755859375,859.9000244140625,810.2000122070312,822.9000244140625,822.9000244140625,2564.0,QNCO.TA
2019-07-09,822.9000244140625,812.9000244140625,808.0,808.4000244140625,808.4000244140625,7743.0,QNCO.TA
2019-07-10,860.0,860.0,808.4000244140625,810.2000122070312,810.2000122070312,7271.0,QNCO.TA
2019-07-11,826.5,826.5,826.5,826.5,826.5,1191.0,QNCO.TA
2019-07-14,830.0,830.0,830.0,830.0,830.0,342.0,QNCO.TA
2019-07-15,835.0,835.0,835.0,832.5999755859375,832.5999755859375,127.0,QNCO.TA
2019-07-16,835.0,835.0,835.0,832.7000122070312,832.7000122070312,14.0,QNCO.TA
2019-07-17,832.7000122070312,858.7999877929688,858.7999877929688,832.9000244140625,832.9000244140625,2.0,QNCO.TA
2019-07-18,832.9000244140625,832.9000244140625,791.2999877929688,830.7999877929688,830.7999877929688,13.0,QNCO.TA
2019-07-21,831.9000244140625,831.9000244140625,831.9000244140625,831.0,831.0,35.0,QNCO.TA
2019-07-22,831.0,831.0,799.7000122070312,799.9000244140625,799.9000244140625,3632.0,QNCO.TA
2019-07-23,859.0,859.0,800.0,810.0,810.0,2472.0,QNCO.TA
2019-07-24,810.0,850.2999877929688,810.0,847.5,847.5,1557.0,QNCO.TA
2019-07-25,847.5,860.0,810.0999755859375,843.5,843.5,8205.0,QNCO.TA
2019-07-28,843.5,860.0,843.5,859.9000244140625,859.9000244140625,2876.0,QNCO.TA
2019-07-29,859.9000244140625,887.9000244140625,860.0,877.2999877929688,877.2999877929688,442.0,QNCO.TA
2019-07-30,877.2999877929688,850.0,850.0,870.7000122070312,870.7000122070312,58.0,QNCO.TA
2019-07-31,870.7000122070312,870.7000122070312,870.7000122070312,870.7000122070312,870.7000122070312,355.0,QNCO.TA
2019-08-01,870.7000122070312,889.9000244140625,794.0,840.7000122070312,840.7000122070312,3467.0,QNCO.TA
2019-08-04,890.0,890.0,850.0,850.0,850.0,7007.0,QNCO.TA
2019-08-05,848.0,848.0,829.9000244140625,839.7999877929688,839.7999877929688,5216.0,QNCO.TA
2019-08-06,881.0,881.0,810.0,845.2999877929688,845.2999877929688,1720.0,QNCO.TA
2019-08-07,845.2999877929688,845.2999877929688,845.2999877929688,845.2999877929688,845.2999877929688,60.0,QNCO.TA
2019-08-08,845.2999877929688,853.7000122070312,853.7000122070312,851.9000244140625,851.9000244140625,181.0,QNCO.TA
2019-08-11,851.9000244140625,851.9000244140625,851.9000244140625,851.9000244140625,851.9000244140625,0.0,QNCO.TA
2019-08-12,851.9000244140625,845.0,845.0,845.0,845.0,258.0,QNCO.TA
2019-08-13,845.0,815.7999877929688,815.7999877929688,815.7999877929688,815.7999877929688,422.0,QNCO.TA
2019-08-14,815.7999877929688,815.0,804.9000244140625,814.5999755859375,814.5999755859375,28.0,QNCO.TA
2019-08-15,814.5999755859375,814.5999755859375,814.5999755859375,814.5999755859375,814.5999755859375,211.0,QNCO.TA
2019-08-18,814.5999755859375,804.5,804.5,804.5,804.5,489.0,QNCO.TA
2019-08-19,804.5,804.5,735.0,736.2999877929688,736.2999877929688,545.0,QNCO.TA
2019-08-20,736.2999877929688,715.0,715.0,736.0,736.0,3.0,QNCO.TA
2019-08-21,736.0,813.0,715.0,787.0999755859375,787.0999755859375,1156.0,QNCO.TA
2019-08-22,787.0999755859375,781.9000244140625,781.9000244140625,781.9000244140625,781.9000244140625,1270.0,QNCO.TA
2019-08-25,781.9000244140625,781.9000244140625,781.9000244140625,781.9000244140625,781.9000244140625,49.0,QNCO.TA
2019-08-26,781.9000244140625,852.0,852.0,792.0,792.0,33.0,QNCO.TA
2019-08-27,792.0,839.7999877929688,799.9000244140625,800.0,800.0,288.0,QNCO.TA
2019-08-28,800.0,800.0,776.0,796.9000244140625,796.9000244140625,33.0,QNCO.TA
2019-08-29,819.9000244140625,819.9000244140625,819.9000244140625,803.5999755859375,803.5999755859375,67.0,QNCO.TA
2019-09-01,803.5999755859375,855.5,854.5,854.5999755859375,854.5999755859375,2520.0,QNCO.TA
2019-09-02,854.5999755859375,812.0,812.0,848.7999877929688,848.7999877929688,34.0,QNCO.TA
2019-09-03,848.7999877929688,848.7999877929688,848.7999877929688,848.7999877929688,848.7999877929688,3.0,QNCO.TA
2019-09-04,848.7999877929688,848.7999877929688,848.7999877929688,848.7999877929688,848.7999877929688,418.0,QNCO.TA
2019-09-05,848.7999877929688,848.7000122070312,753.5,776.5999755859375,776.5999755859375,51539.0,QNCO.TA
2019-09-08,815.5,815.5,745.9000244140625,766.4000244140625,766.4000244140625,230.0,QNCO.TA
2019-09-09,814.9000244140625,814.9000244140625,814.9000244140625,769.7000122070312,769.7000122070312,17.0,QNCO.TA
2019-09-10,809.9000244140625,809.9000244140625,800.0,800.0,800.0,42935.0,QNCO.TA
2019-09-11,800.0,780.0,753.5999755859375,779.0999755859375,779.0999755859375,38161.0,QNCO.TA
2019-09-12,779.0999755859375,779.0999755859375,750.0,758.5,758.5,863.0,QNCO.TA
2019-09-15,758.5,750.0,750.0,750.0,750.0,470.0,QNCO.TA
2019-09-16,750.0,750.0,731.2999877929688,731.5999755859375,731.5999755859375,303.0,QNCO.TA
2019-09-18,731.5999755859375,731.5999755859375,724.2999877929688,729.2000122070312,729.2000122070312,84.0,QNCO.TA
2019-09-19,729.2000122070312,729.2000122070312,729.2000122070312,729.2000122070312,729.2000122070312,103.0,QNCO.TA
2019-09-22,729.2000122070312,745.0,710.0,710.4000244140625,710.4000244140625,3021.0,QNCO.TA
2019-09-23,710.4000244140625,710.4000244140625,710.4000244140625,710.4000244140625,710.4000244140625,1942.0,QNCO.TA
2019-09-24,710.4000244140625,710.4000244140625,710.4000244140625,710.4000244140625,710.4000244140625,218.0,QNCO.TA
2019-09-25,710.4000244140625,796.9000244140625,774.2000122070312,781.5999755859375,781.5999755859375,260.0,QNCO.TA
2019-09-26,840.0,840.0,770.2999877929688,808.2000122070312,808.2000122070312,3662.0,QNCO.TA
2019-10-02,819.9000244140625,819.9000244140625,819.7999877929688,819.7999877929688,819.7999877929688,939.0,QNCO.TA
2019-10-03,875.0,875.0,763.0,799.5,799.5,8871.0,QNCO.TA
2019-10-06,780.0,804.2000122070312,765.0,765.5999755859375,765.5999755859375,6525.0,QNCO.TA
2019-10-07,799.0,799.0,799.0,799.0,799.0,252.0,QNCO.TA
2019-10-10,799.9000244140625,799.9000244140625,799.0999755859375,799.0999755859375,799.0999755859375,2512.0,QNCO.TA
2019-10-15,799.0999755859375,799.0999755859375,799.0999755859375,799.0999755859375,799.0999755859375,2.0,QNCO.TA
2019-10-16,799.0999755859375,799.0999755859375,799.0999755859375,799.0999755859375,799.0999755859375,173.0,QNCO.TA
2019-10-17,799.0999755859375,799.0999755859375,756.2999877929688,756.2999877929688,756.2999877929688,12792.0,QNCO.TA
2019-10-22,795.7000122070312,795.7000122070312,756.0,795.4000244140625,795.4000244140625,7560.0,QNCO.TA
2019-10-23,798.7999877929688,798.7999877929688,798.7000122070312,798.7000122070312,798.7000122070312,687.0,QNCO.TA
2019-10-24,798.7000122070312,798.7000122070312,766.0,786.2000122070312,786.2000122070312,297.0,QNCO.TA
2019-10-27,798.9000244140625,798.9000244140625,750.0,759.2000122070312,759.2000122070312,12643.0,QNCO.TA
2019-10-28,759.2000122070312,759.2000122070312,759.2000122070312,759.2000122070312,759.2000122070312,130.0,QNCO.TA
2019-10-29,759.2000122070312,759.2000122070312,759.2000122070312,759.2000122070312,759.2000122070312,32.0,QNCO.TA
2019-10-30,759.2000122070312,749.7999877929688,749.7999877929688,756.0,756.0,84.0,QNCO.TA
2019-10-31,796.9000244140625,796.9000244140625,796.5999755859375,796.5999755859375,796.5999755859375,666.0,QNCO.TA
2019-11-03,799.0,799.0,775.0,794.7000122070312,794.7000122070312,23.0,QNCO.TA
2019-11-04,794.7000122070312,794.7000122070312,794.7000122070312,794.7000122070312,794.7000122070312,164.0,QNCO.TA
2019-11-05,794.7000122070312,794.7000122070312,762.9000244140625,793.7999877929688,793.7999877929688,8.0,QNCO.TA
2019-11-06,793.7999877929688,793.7999877929688,708.7000122070312,757.5999755859375,757.5999755859375,1987.0,QNCO.TA
2019-11-07,798.9000244140625,798.9000244140625,798.9000244140625,798.9000244140625,798.9000244140625,308.0,QNCO.TA
2019-11-10,798.9000244140625,798.9000244140625,766.9000244140625,796.5999755859375,796.5999755859375,19.0,QNCO.TA
2019-11-11,796.5999755859375,796.5999755859375,796.5999755859375,796.5999755859375,796.5999755859375,30.0,QNCO.TA
2019-11-12,796.5999755859375,796.5999755859375,796.5999755859375,796.5999755859375,796.5999755859375,259.0,QNCO.TA
2019-11-13,796.5999755859375,796.5999755859375,796.5999755859375,796.5999755859375,796.5999755859375,473.0,QNCO.TA
2019-11-14,796.5999755859375,796.5999755859375,740.7999877929688,790.5999755859375,790.5999755859375,28.0,QNCO.TA
2019-11-17,790.5999755859375,790.5999755859375,790.5999755859375,790.5999755859375,790.5999755859375,204.0,QNCO.TA
2019-11-18,790.5999755859375,790.5999755859375,790.5999755859375,790.5999755859375,790.5999755859375,91.0,QNCO.TA
2019-11-19,790.5999755859375,790.5999755859375,780.7000122070312,786.5,786.5,104.0,QNCO.TA
2019-11-20,786.5,786.5,732.0,741.9000244140625,741.9000244140625,398.0,QNCO.TA
2019-11-21,745.0,775.0,675.5,712.2999877929688,712.2999877929688,25672.0,QNCO.TA
2019-11-24,712.2999877929688,725.7999877929688,650.0,668.4000244140625,668.4000244140625,33643.0,QNCO.TA
2019-11-25,668.4000244140625,717.0,675.0,699.5,699.5,12983.0,QNCO.TA
2019-11-26,699.5,700.0,675.0999755859375,695.5999755859375,695.5999755859375,1425.0,QNCO.TA
2019-11-27,695.5999755859375,701.2999877929688,700.0,700.0,700.0,45014.0,QNCO.TA
2019-11-28,700.0,745.0,700.0,745.0,745.0,30411.0,QNCO.TA
2019-12-01,745.0,746.0999755859375,745.0,745.0,745.0,8322.0,QNCO.TA
2019-12-02,745.0,779.7999877929688,745.0999755859375,745.9000244140625,745.9000244140625,5549.0,QNCO.TA
2019-12-03,778.0,778.0,750.0,750.0,750.0,9513.0,QNCO.TA
2019-12-04,777.0,777.0,752.0999755859375,772.2000122070312,772.2000122070312,2655.0,QNCO.TA
2019-12-05,772.2000122070312,772.2999877929688,769.9000244140625,772.2000122070312,772.2000122070312,16779.0,QNCO.TA
2019-12-08,800.0,800.0,728.2000122070312,751.0999755859375,751.0999755859375,3013.0,QNCO.TA
2019-12-09,751.0999755859375,751.0999755859375,751.0999755859375,751.0999755859375,751.0999755859375,10.0,QNCO.TA
2019-12-10,751.0999755859375,781.0999755859375,781.0999755859375,781.0999755859375,781.0999755859375,1787.0,QNCO.TA
2019-12-11,820.0,820.0,820.0,820.0,820.0,555.0,QNCO.TA
2019-12-12,820.0,820.0,820.0,820.0,820.0,1250.0,QNCO.TA
2019-12-15,820.0,820.0,746.5,815.2999877929688,815.2999877929688,25004.0,QNCO.TA
2019-12-16,815.2999877929688,815.2999877929688,791.0,804.7999877929688,804.7999877929688,246.0,QNCO.TA
2019-12-17,804.7999877929688,800.4000244140625,790.0,798.0999755859375,798.0999755859375,1000.0,QNCO.TA
2019-12-18,798.0999755859375,790.0,780.9000244140625,780.9000244140625,780.9000244140625,988.0,QNCO.TA
2019-12-19,780.9000244140625,758.0,758.0,764.7000122070312,764.7000122070312,191.0,QNCO.TA
2019-12-22,764.7000122070312,763.9000244140625,763.9000244140625,763.9000244140625,763.9000244140625,496.0,QNCO.TA
2019-12-23,763.9000244140625,763.9000244140625,730.0,731.5999755859375,731.5999755859375,841.0,QNCO.TA
2019-12-24,731.5999755859375,731.5999755859375,731.5999755859375,731.5999755859375,731.5999755859375,451.0,QNCO.TA
2019-12-25,731.5999755859375,744.2999877929688,731.5999755859375,742.4000244140625,742.4000244140625,441.0,QNCO.TA
2019-12-26,742.4000244140625,744.7999877929688,742.4000244140625,744.5999755859375,744.5999755859375,825.0,QNCO.TA
2019-12-29,744.5999755859375,788.0,735.0,739.4000244140625,739.4000244140625,4203.0,QNCO.TA
2019-12-30,739.4000244140625,739.4000244140625,73.30000305175781,673.0999755859375,673.0999755859375,60465.0,QNCO.TA
2019-12-31,673.0999755859375,699.0,660.0,667.0,667.0,1947.0,QNCO.TA
2020-01-01,667.0,699.9000244140625,608.0,667.2000122070312,667.2000122070312,11328.0,QNCO.TA
2020-01-02,667.2000122070312,699.9000244140625,641.0999755859375,642.5999755859375,642.5999755859375,2783.0,QNCO.TA
2020-01-05,642.5999755859375,700.0,642.5999755859375,700.0,700.0,15413.0,QNCO.TA
2020-01-06,765.0,765.0,700.0,710.2999877929688,710.2999877929688,9680.0,QNCO.TA
2020-01-07,710.2999877929688,745.7000122070312,710.2999877929688,733.7000122070312,733.7000122070312,565.0,QNCO.TA
2020-01-08,752.0,752.0,752.0,733.7999877929688,733.7999877929688,1.0,QNCO.TA
2020-01-09,733.7999877929688,733.7999877929688,733.7999877929688,733.7999877929688,733.7999877929688,993.0,QNCO.TA
2020-01-12,754.0,754.0,708.7999877929688,741.7999877929688,741.7999877929688,1288.0,QNCO.TA
2020-01-13,754.0,754.0,718.5999755859375,718.7000122070312,718.7000122070312,5334.0,QNCO.TA
2020-01-14,718.7000122070312,754.0,700.0,714.4000244140625,714.4000244140625,4969.0,QNCO.TA
2020-01-15,754.0,754.0,715.0,724.0,724.0,2707.0,QNCO.TA
2020-01-16,724.0,724.0,724.0,724.0,724.0,152.0,QNCO.TA
2020-01-19,724.0,788.7999877929688,723.2999877929688,756.0,756.0,4705.0,QNCO.TA
2020-01-20,756.0,735.5999755859375,733.0,734.5999755859375,734.5999755859375,3549.0,QNCO.TA
2020-01-21,734.5999755859375,734.5999755859375,734.5999755859375,734.5999755859375,734.5999755859375,5.0,QNCO.TA
2020-01-22,733.7999877929688,733.7999877929688,733.7999877929688,733.7999877929688,733.7999877929688,384.0,QNCO.TA
2020-01-23,750.0,750.0,735.9000244140625,735.9000244140625,735.9000244140625,388.0,QNCO.TA
2020-01-26,777.0,777.0,710.0,732.7999877929688,732.7999877929688,549.0,QNCO.TA
2020-01-27,732.7999877929688,755.7999877929688,701.0,707.7999877929688,707.7999877929688,2331.0,QNCO.TA
2020-01-28,707.7999877929688,707.7999877929688,701.0,703.4000244140625,703.4000244140625,1247.0,QNCO.TA
2020-01-29,703.4000244140625,703.4000244140625,701.0,701.0,701.0,441.0,QNCO.TA
2020-01-30,701.0,701.0,701.0,701.0,701.0,35.0,QNCO.TA
2020-02-02,701.0,701.0,701.0,701.0,701.0,791.0,QNCO.TA
2020-02-03,701.0,701.0,701.0,701.0,701.0,507.0,QNCO.TA
2020-02-04,701.0,701.0,701.0,701.0,701.0,1336.0,QNCO.TA
2020-02-05,650.0,699.9000244140625,650.0,674.7000122070312,674.7000122070312,1429.0,QNCO.TA
2020-02-06,672.0,672.0,629.2000122070312,629.2000122070312,629.2000122070312,27467.0,QNCO.TA
2020-02-09,629.2000122070312,685.7000122070312,620.0,627.7999877929688,627.7999877929688,12091.0,QNCO.TA
2020-02-10,684.2000122070312,684.2000122070312,684.2000122070312,684.2000122070312,684.2000122070312,298.0,QNCO.TA
2020-02-11,684.2999877929688,684.2999877929688,684.2999877929688,684.2999877929688,684.2999877929688,2.0,QNCO.TA
2020-02-12,686.2000122070312,686.2000122070312,686.2000122070312,686.2000122070312,686.2000122070312,0.0,QNCO.TA
2020-02-13,699.0,699.0,699.0,686.4000244140625,686.4000244140625,4.0,QNCO.TA
2020-02-16,699.0,699.0,699.0,686.7999877929688,686.7999877929688,9.0,QNCO.TA
2020-02-17,690.0,690.0,690.0,686.7999877929688,686.7999877929688,1.0,QNCO.TA
2020-02-18,696.0,696.0,680.0,680.0,680.0,536.0,QNCO.TA
2020-02-19,696.0,696.0,696.0,682.4000244140625,682.4000244140625,43.0,QNCO.TA
2020-02-20,696.0,696.0,696.0,682.9000244140625,682.9000244140625,10.0,QNCO.TA
2020-02-23,682.9000244140625,682.9000244140625,682.9000244140625,682.9000244140625,682.9000244140625,134.0,QNCO.TA
2020-02-24,682.9000244140625,682.9000244140625,682.9000244140625,682.9000244140625,682.9000244140625,1.0,QNCO.TA
2020-02-25,682.9000244140625,682.9000244140625,682.9000244140625,682.9000244140625,682.9000244140625,1.0,QNCO.TA
2020-02-26,682.9000244140625,682.9000244140625,682.9000244140625,682.9000244140625,682.9000244140625,1.0,QNCO.TA
2020-02-27,682.9000244140625,682.9000244140625,682.9000244140625,682.9000244140625,682.9000244140625,1.0,QNCO.TA
2020-03-01,682.9000244140625,682.9000244140625,682.9000244140625,682.9000244140625,682.9000244140625,1.0,QNCO.TA
2020-03-03,682.9000244140625,682.9000244140625,682.9000244140625,682.9000244140625,682.9000244140625,1.0,QNCO.TA
2020-03-04,682.9000244140625,682.9000244140625,682.9000244140625,682.9000244140625,682.9000244140625,2.0,QNCO.TA
2020-03-05,682.9000244140625,682.9000244140625,682.9000244140625,682.9000244140625,682.9000244140625,1.0,QNCO.TA
2020-03-08,682.9000244140625,682.9000244140625,682.9000244140625,682.9000244140625,682.9000244140625,1.0,QNCO.TA
2020-03-09,682.9000244140625,682.9000244140625,682.9000244140625,682.9000244140625,682.9000244140625,9.0,QNCO.TA
2020-03-11,682.9000244140625,682.9000244140625,682.9000244140625,682.9000244140625,682.9000244140625,1.0,QNCO.TA
2020-03-12,682.9000244140625,682.9000244140625,682.9000244140625,682.9000244140625,682.9000244140625,1.0,QNCO.TA
2020-03-15,682.9000244140625,682.9000244140625,682.9000244140625,682.9000244140625,682.9000244140625,1.0,QNCO.TA
2020-03-16,682.9000244140625,682.9000244140625,682.9000244140625,682.9000244140625,682.9000244140625,1.0,QNCO.TA
2020-03-17,682.9000244140625,682.9000244140625,682.9000244140625,682.9000244140625,682.9000244140625,293.0,QNCO.TA
2020-03-18,682.9000244140625,576.0,576.0,657.5,657.5,69.0,QNCO.TA
2020-03-19,657.5,657.5,657.5,657.5,657.5,1.0,QNCO.TA
2020-03-22,657.5,657.5,570.0,656.9000244140625,656.9000244140625,3.0,QNCO.TA
2020-03-23,656.9000244140625,656.9000244140625,306.0,652.4000244140625,652.4000244140625,7.0,QNCO.TA
2020-03-24,652.4000244140625,652.4000244140625,652.4000244140625,652.4000244140625,652.4000244140625,1.0,QNCO.TA
2020-03-25,652.4000244140625,652.4000244140625,652.4000244140625,652.4000244140625,652.4000244140625,1375.0,QNCO.TA
2020-03-26,652.4000244140625,652.4000244140625,521.0,647.9000244140625,647.9000244140625,11.0,QNCO.TA
2020-03-29,647.9000244140625,647.9000244140625,454.0,543.0999755859375,543.0999755859375,15063.0,QNCO.TA
2020-03-30,543.0999755859375,543.0999755859375,543.0999755859375,543.0999755859375,543.0999755859375,14.0,QNCO.TA
2020-03-31,543.0999755859375,543.0999755859375,452.3999938964844,452.3999938964844,452.3999938964844,159.0,QNCO.TA
2020-04-01,480.0,480.0,372.0,429.0,429.0,17296.0,QNCO.TA
2020-04-02,577.5,577.5,400.20001220703125,400.79998779296875,400.79998779296875,2510.0,QNCO.TA
2020-04-05,400.79998779296875,403.5,400.0,401.1000061035156,401.1000061035156,10603.0,QNCO.TA
2020-04-06,498.0,500.0,420.0,457.8999938964844,457.8999938964844,6177.0,QNCO.TA
2020-04-07,577.5,577.5,500.0,528.5999755859375,528.5999755859375,28379.0,QNCO.TA
2020-04-12,528.5999755859375,528.5999755859375,528.5999755859375,528.5999755859375,528.5999755859375,180.0,QNCO.TA
2020-04-13,540.0,540.0,540.0,531.7000122070312,531.7000122070312,120.0,QNCO.TA
2020-04-16,531.7000122070312,531.7000122070312,531.7000122070312,531.7000122070312,531.7000122070312,144.0,QNCO.TA
2020-04-19,531.7000122070312,531.7000122070312,506.0,506.20001220703125,506.20001220703125,621.0,QNCO.TA
2020-04-20,506.20001220703125,549.7999877929688,549.7999877929688,531.5,531.5,255.0,QNCO.TA
2020-04-21,531.5,531.5,531.0,531.5,531.5,19.0,QNCO.TA
2020-04-22,531.5,531.5,500.0,500.1000061035156,500.1000061035156,624.0,QNCO.TA
2020-04-23,500.1000061035156,549.5,495.0,498.79998779296875,498.79998779296875,441.0,QNCO.TA
2020-04-26,550.0,550.0,549.0,549.0,549.0,1176.0,QNCO.TA
2020-04-27,549.0,549.0,470.0,500.20001220703125,500.20001220703125,2030.0,QNCO.TA
2020-04-30,550.0,550.0,550.0,523.5999755859375,523.5999755859375,207.0,QNCO.TA
2020-05-03,550.0,550.0,549.9000244140625,549.9000244140625,549.9000244140625,8616.0,QNCO.TA
2020-05-04,549.9000244140625,535.0,534.0,534.4000244140625,534.4000244140625,377.0,QNCO.TA
2020-05-05,534.4000244140625,534.4000244140625,534.4000244140625,534.4000244140625,534.4000244140625,186.0,QNCO.TA
2020-05-06,534.4000244140625,534.4000244140625,534.4000244140625,534.4000244140625,534.4000244140625,220.0,QNCO.TA
2020-05-07,534.4000244140625,534.4000244140625,435.0,435.0,435.0,3101.0,QNCO.TA
2020-05-10,435.0,549.0,422.0,443.3999938964844,443.3999938964844,5182.0,QNCO.TA
2020-05-11,498.0,543.9000244140625,481.1000061035156,496.5,496.5,28249.0,QNCO.TA
2020-05-12,550.0,550.0,455.0,464.29998779296875,464.29998779296875,33016.0,QNCO.TA
2020-05-13,464.29998779296875,505.0,460.0,484.6000061035156,484.6000061035156,2676.0,QNCO.TA
2020-05-14,550.0,550.0,523.5999755859375,524.2000122070312,524.2000122070312,1025.0,QNCO.TA
2020-05-17,524.2000122070312,524.2000122070312,524.2000122070312,524.2000122070312,524.2000122070312,238.0,QNCO.TA
2020-05-18,524.2000122070312,524.2000122070312,524.2000122070312,524.2000122070312,524.2000122070312,239.0,QNCO.TA
2020-05-19,524.2000122070312,524.2000122070312,524.2000122070312,524.2000122070312,524.2000122070312,166.0,QNCO.TA
2020-05-20,524.2000122070312,524.2000122070312,524.2000122070312,524.2000122070312,524.2000122070312,3.0,QNCO.TA
2020-05-21,525.0,525.0,525.0,524.2999877929688,524.2999877929688,43.0,QNCO.TA
2020-05-24,525.0,525.0,525.0,524.4000244140625,524.4000244140625,80.0,QNCO.TA
2020-05-25,524.4000244140625,524.4000244140625,524.4000244140625,524.4000244140625,524.4000244140625,90.0,QNCO.TA
2020-05-26,525.0,525.0,525.0,524.4000244140625,524.4000244140625,1.0,QNCO.TA
2020-05-27,524.4000244140625,524.4000244140625,524.4000244140625,524.4000244140625,524.4000244140625,54.0,QNCO.TA
2020-05-31,524.4000244140625,524.7999877929688,459.0,501.1000061035156,501.1000061035156,14389.0,QNCO.TA
2020-06-01,501.1000061035156,501.1000061035156,501.1000061035156,501.1000061035156,501.1000061035156,15.0,QNCO.TA
2020-06-02,501.1000061035156,501.1000061035156,501.1000061035156,501.1000061035156,501.1000061035156,1.0,QNCO.TA
2020-06-03,501.1000061035156,501.1000061035156,501.1000061035156,501.1000061035156,501.1000061035156,261.0,QNCO.TA
2020-06-04,501.1000061035156,501.1000061035156,501.1000061035156,501.1000061035156,501.1000061035156,1875.0,QNCO.TA
2020-06-08,501.1000061035156,501.1000061035156,462.0,474.6000061035156,474.6000061035156,6037.0,QNCO.TA
2020-06-09,474.6000061035156,455.0,455.0,469.1000061035156,469.1000061035156,113.0,QNCO.TA
2020-06-10,469.1000061035156,481.8999938964844,410.20001220703125,452.1000061035156,452.1000061035156,64001.0,QNCO.TA
2020-06-11,500.0,500.0,452.0,457.5,457.5,1161.0,QNCO.TA
2020-06-14,457.5,457.5,457.5,457.5,457.5,176.0,QNCO.TA
2020-06-15,500.0,500.0,500.0,500.0,500.0,407.0,QNCO.TA
2020-06-16,420.0,465.0,420.0,450.3999938964844,450.3999938964844,1752.0,QNCO.TA
2020-06-17,500.0,500.0,498.3999938964844,498.3999938964844,498.3999938964844,437.0,QNCO.TA
2020-06-18,498.3999938964844,547.0,498.3999938964844,506.3999938964844,506.3999938964844,67.0,QNCO.TA
2020-06-21,506.3999938964844,506.3999938964844,506.3999938964844,506.3999938964844,506.3999938964844,48.0,QNCO.TA
2020-06-22,506.3999938964844,506.3999938964844,506.3999938964844,506.3999938964844,506.3999938964844,91.0,QNCO.TA
2020-06-23,506.3999938964844,506.3999938964844,479.0,486.5,486.5,7560.0,QNCO.TA
2020-06-24,486.5,486.5,486.5,486.5,486.5,26.0,QNCO.TA
2020-06-25,486.5,486.70001220703125,486.5,486.70001220703125,486.70001220703125,1884.0,QNCO.TA
2020-06-28,500.0,500.0,500.0,500.0,500.0,2254.0,QNCO.TA
2020-06-29,500.0,498.0,442.0,478.3999938964844,478.3999938964844,1692.0,QNCO.TA
2020-06-30,478.3999938964844,480.0,465.6000061035156,473.8999938964844,473.8999938964844,6187.0,QNCO.TA
2020-07-01,456.0,466.0,455.0,461.8999938964844,461.8999938964844,2509.0,QNCO.TA
2020-07-02,461.8999938964844,452.5,430.20001220703125,430.20001220703125,430.20001220703125,5680.0,QNCO.TA
2020-07-05,410.20001220703125,410.20001220703125,410.20001220703125,410.20001220703125,410.20001220703125,5654.0,QNCO.TA
2020-07-06,410.20001220703125,420.29998779296875,412.1000061035156,412.1000061035156,412.1000061035156,1536.0,QNCO.TA
2020-07-07,449.1000061035156,449.1000061035156,449.1000061035156,449.1000061035156,449.1000061035156,448.0,QNCO.TA
2020-07-08,449.1000061035156,449.1000061035156,449.1000061035156,449.1000061035156,449.1000061035156,87.0,QNCO.TA
2020-07-09,449.1000061035156,453.0,440.0,448.20001220703125,448.20001220703125,1231.0,QNCO.TA
2020-07-12,473.8999938964844,473.8999938964844,473.8999938964844,448.29998779296875,448.29998779296875,1.0,QNCO.TA
2020-07-13,473.8999938964844,473.8999938964844,473.8999938964844,448.3999938964844,448.3999938964844,1.0,QNCO.TA
2020-07-14,448.3999938964844,440.0,415.0,421.3999938964844,421.3999938964844,10864.0,QNCO.TA
2020-07-15,421.0,450.0,421.0,450.0,450.0,26807.0,QNCO.TA
2020-07-16,473.8999938964844,473.8999938964844,473.8999938964844,472.79998779296875,472.79998779296875,401.0,QNCO.TA
2020-07-19,472.79998779296875,503.29998779296875,472.79998779296875,500.0,500.0,32737.0,QNCO.TA
2020-07-20,500.0,525.0,500.0,506.20001220703125,506.20001220703125,4090.0,QNCO.TA
2020-07-21,506.20001220703125,525.0,525.0,509.6000061035156,509.6000061035156,77.0,QNCO.TA
2020-07-22,528.0,528.0,511.3999938964844,512.7999877929688,512.7999877929688,13040.0,QNCO.TA
2020-07-23,512.7999877929688,515.0,512.7999877929688,514.7999877929688,514.7999877929688,10473.0,QNCO.TA
2020-07-26,511.0,540.0,511.0,528.5999755859375,528.5999755859375,1859.0,QNCO.TA
2020-07-27,528.5999755859375,600.0,546.0,588.0,588.0,45223.0,QNCO.TA
2020-07-28,588.0,594.0,587.9000244140625,589.5,589.5,7329.0,QNCO.TA
2020-07-29,589.5,604.2000122070312,590.0,600.5999755859375,600.5999755859375,14071.0,QNCO.TA
2020-08-02,645.0,645.0,645.0,629.4000244140625,629.4000244140625,214.0,QNCO.TA
2020-08-03,645.0,645.0,587.0,599.9000244140625,599.9000244140625,12099.0,QNCO.TA
2020-08-04,599.9000244140625,620.0,605.0,612.9000244140625,612.9000244140625,2698.0,QNCO.TA
2020-08-05,612.9000244140625,639.9000244140625,612.0,633.5999755859375,633.5999755859375,8878.0,QNCO.TA
2020-08-06,633.5999755859375,635.0,620.0,635.0,635.0,76010.0,QNCO.TA
2020-08-09,635.0,655.0,634.9000244140625,650.5,650.5,21105.0,QNCO.TA
2020-08-10,650.5,670.0,633.0,660.2000122070312,660.2000122070312,18250.0,QNCO.TA
2020-08-11,660.2000122070312,670.0,659.5,667.9000244140625,667.9000244140625,11147.0,QNCO.TA
2020-08-12,669.9000244140625,700.0,669.0,683.9000244140625,683.9000244140625,21617.0,QNCO.TA
2020-08-13,683.9000244140625,709.7999877929688,685.0,700.0,700.0,49558.0,QNCO.TA
2020-08-16,700.0,704.0,700.9000244140625,702.5,702.5,2688.0,QNCO.TA
2020-08-17,702.5,709.0,699.9000244140625,700.5999755859375,700.5999755859375,22014.0,QNCO.TA
2020-08-18,700.5999755859375,709.9000244140625,699.9000244140625,703.9000244140625,703.9000244140625,22139.0,QNCO.TA
2020-08-19,700.0,700.0,689.7999877929688,698.0,698.0,4333.0,QNCO.TA
2020-08-20,698.0,698.0,698.0,698.0,698.0,37.0,QNCO.TA
2020-08-23,698.0,680.0,680.0,680.0,680.0,851.0,QNCO.TA
2020-08-24,680.0,680.0,680.0,680.0,680.0,194.0,QNCO.TA
2020-08-25,680.0,693.5999755859375,680.0,680.5,680.5,4110.0,QNCO.TA
2020-08-26,680.5,685.0,684.5,684.7000122070312,684.7000122070312,11151.0,QNCO.TA
2020-08-27,684.7000122070312,700.0,684.7000122070312,698.7999877929688,698.7999877929688,9607.0,QNCO.TA
2020-08-30,698.7999877929688,698.7999877929688,559.0,641.5999755859375,641.5999755859375,2746.0,QNCO.TA
2020-08-31,641.5999755859375,670.0,610.2000122070312,666.5999755859375,666.5999755859375,854.0,QNCO.TA
2020-09-01,666.5999755859375,669.4000244140625,607.5,653.0,653.0,4427.0,QNCO.TA
2020-09-02,645.9000244140625,660.0,620.0,658.5999755859375,658.5999755859375,2855.0,QNCO.TA
2020-09-03,658.5999755859375,649.9000244140625,620.0,635.0999755859375,635.0999755859375,29287.0,QNCO.TA
2020-09-06,635.0999755859375,644.0,625.0,629.7999877929688,629.7999877929688,23966.0,QNCO.TA
2020-09-07,629.7999877929688,679.9000244140625,620.0,627.5,627.5,3353.0,QNCO.TA
2020-09-08,627.5,683.0,630.0,630.0999755859375,630.0999755859375,360.0,QNCO.TA
2020-09-09,630.0999755859375,630.0999755859375,630.0,630.0999755859375,630.0999755859375,70.0,QNCO.TA
2020-09-10,630.0999755859375,630.7000122070312,630.0,630.0999755859375,630.0999755859375,4869.0,QNCO.TA
2020-09-13,630.0999755859375,630.0999755859375,630.0999755859375,630.0999755859375,630.0999755859375,226.0,QNCO.TA
2020-09-14,630.0999755859375,630.0999755859375,630.0999755859375,630.0999755859375,630.0999755859375,311.0,QNCO.TA
2020-09-15,630.0999755859375,630.0999755859375,625.0,625.4000244140625,625.4000244140625,1295.0,QNCO.TA
2020-09-16,680.0,680.0,680.0,643.0999755859375,643.0999755859375,97.0,QNCO.TA
2020-09-17,643.0999755859375,643.0999755859375,643.0999755859375,643.0999755859375,643.0999755859375,0.0,QNCO.TA
2020-09-21,643.0999755859375,643.0999755859375,643.0,643.0999755859375,643.0999755859375,5.0,QNCO.TA
2020-09-22,643.0999755859375,650.0,635.0,650.0,650.0,15003.0,QNCO.TA
2020-09-23,650.0,650.0,649.7999877929688,650.0,650.0,30009.0,QNCO.TA
2020-09-24,650.0,651.0,650.0,650.2000122070312,650.2000122070312,18696.0,QNCO.TA
