first_day_in_week,last_day_in_week,MDPR_main_symb_weekly_mean_diff,LUMI.TA_weekly_mean_diff_0.39,ROTS.TA_weekly_mean_diff_0.39,MRIN.TA_weekly_mean_diff_0.4,MTRX.TA_weekly_mean_diff_0.4,SHOM.TA_weekly_mean_diff_0.45_INT_MNRV.TA_weekly_mean_diff_0.36_corr_0.75,ILDC.TA_weekly_mean_diff_0.41,ATRY.TA_weekly_mean_diff_0.42,AZRM.TA_weekly_mean_diff_0.39_INT_FIBIH.TA_weekly_mean_diff_0.48_corr_0.75,MLTM.TA_weekly_mean_diff_0.42,GLPL.TA_weekly_mean_diff_0.43,FIBI.TA_weekly_mean_diff_0.44,HLMS.TA_weekly_mean_diff_0.38_INT_OPAL.TA_weekly_mean_diff_0.49_corr_0.7,LEVI.TA_weekly_mean_diff_0.45,SHOM.TA_weekly_mean_diff_0.45,SHOM.TA_weekly_mean_diff_0.45_INT_OPAL.TA_weekly_mean_diff_0.49_corr_0.77,RLCO.TA_weekly_mean_diff_0.47,FIBIH.TA_weekly_mean_diff_0.48,ALRPR.TA_weekly_mean_diff_0.53_INT_MRIN.TA_weekly_mean_diff_0.4_corr_0.72,ATRY.TA_weekly_mean_diff_0.42_INT_ASGR.TA_weekly_mean_diff_0.39_corr_0.72,OPAL.TA_weekly_mean_diff_0.49,ALRPR.TA_weekly_mean_diff_0.53,MRIN.TA_weekly_mean_diff_0.4_INT_ZUR.TA_weekly_mean_diff_0.36_corr_0.72,OPAL.TA_weekly_mean_diff_0.49_INT_MRIN.TA_weekly_mean_diff_0.4_corr_0.74,ATRY.TA_weekly_mean_diff_0.42_INT_SHOM.TA_weekly_mean_diff_0.45_corr_0.72,ZUR.TA_weekly_mean_diff_0.36_INT_OPAL.TA_weekly_mean_diff_0.49_corr_0.71,ALRPR.TA_weekly_mean_diff_0.53_INT_OPAL.TA_weekly_mean_diff_0.49_corr_0.72,ZUR.TA_weekly_mean_diff_0.36_INT_MNRV.TA_weekly_mean_diff_0.36_corr_0.74,MNRV.TA_weekly_mean_diff_0.36_INT_OPAL.TA_weekly_mean_diff_0.49_corr_0.78,ZUR.TA_weekly_mean_diff_0.36_INT_ATRY.TA_weekly_mean_diff_0.42_corr_0.75
2019-03-10,2019-03-16,3.779998779296887,3.0,-5.6,3.479992675781273,3.8,26.400146484374126,9.8,12.8,145.2798828125,268.0,0.2800048828125,6.8,2.4287974121049256,0.0,-0.6,-0.7920007324218818,-1.0,32.0,222.71953125000147,8.703906250000001,1.3200012207031364,64.0,7.655983886718801,4.593594580069254,-7.68,2.9040026855469003,84.48007812500073,-96.8005371093718,-58.0803759768591,28.160000000000004
2019-03-17,2019-03-23,4.560003662109363,13.8,-22.8,-0.6,-16.4,495.36119140684394,-7.4,11.4,128.16005859375002,316.0,-0.4,16.4,-0.8904005371033904,26.0,1.44000244140625,3.052798144519329,-3.2,24.0,-0.0,140.67602783203125,2.1199951171875,0.0,-1.08,-1.2719970703124999,16.41602783203125,3.8159912109375003,0.0,619.2004394531224,729.2788378894297,20.52
2019-03-24,2019-03-30,3.15999755859375,-25.6,-12.6,-7.600000000000011,10.8,-719.3995971679688,-13.0,22.8,105.84019775390564,-16.0,-8.02000732421875,-34.6,-1.8303834472596618,38.0,3.3,-0.857991943359375,1.2,-54.0,-349.60000000000053,-105.7920556640625,-0.25999755859375,46.0,60.80000000000009,1.975981445312503,75.24,2.07998046875,-11.959887695312501,1743.9990234375,56.67943603545427,-182.4
2019-03-31,2019-04-06,5.079998779296887,6.0,16.8,6.959997558593739,43.2,242.87926513701677,-4.8,17.0,-71.03994140625028,170.0,8.460009765625,67.0,55.704772265628065,262.0,5.05999755859375,39.36677482910454,27.6,24.0,83.51997070312487,40.4600830078125,7.779998779296875,12.0,-41.759985351562435,54.14877250976852,86.01995849609375,-46.67999267578125,93.3599853515625,-287.999267578125,373.43899169936776,-102.0
2019-04-07,2019-04-13,2.7,6.8,39.4,-1.0,60.0,1838.6007080078125,59.0,30.0,481.4398559570312,580.0,-2.14000244140625,72.4,-1.8087992431596223,-14.0,6.34000244140625,16.864429711923005,27.2,118.0,14.0,77.400146484375,2.660003662109375,-14.0,-7.2,-2.660003662109375,190.2000732421875,19.1520263671875,-37.24005126953125,2088.0,771.4010620117188,216.0
2019-04-14,2019-04-20,-1.5399963378906365,-3.0,5.0,3.640002441406273,-24.0,29.760288085788492,10.2,16.4,-16.7200927734375,290.0,2.15999755859375,-27.0,-0.9248070556670428,56.0,2.479998779296875,-0.8432056396454574,-33.4,-38.0,327.60021972656455,-57.7281201171875,-0.34000244140625,90.0,9.46400634765631,-1.2376097168028433,40.67197998046875,-0.8840063476562501,-30.600219726562504,31.2003173828125,-4.080070801079273,42.64
2019-04-21,2019-04-27,-2.879998779296875,12.0,2.4,2.8200073242187274,-1.0,-126.72040527313948,-2.6,-3.2,23.3199462890625,-16.0,0.7,1.8,-3.1959979248046877,-14.0,1.979998779296875,3.365997924804687,-23.4,22.0,39.48010253906218,9.0880078125,1.7,14.0,11.28002929687491,4.794012451171836,-6.33599609375,6.8,23.8,-256.0009765625,-108.8004150390625,-12.8
2019-04-28,2019-05-04,1.079998779296875,-0.6,10.2,-0.1,-46.0,989.9993896484375,7.4,-23.8,322.07978515625,-618.0,-0.9,-48.6,23.198387719728053,-96.0,-5.0,17.899993896484375,22.6,-88.0,7.0,86.1558837890625,-3.579998779296875,-70.0,0.7400000000000001,0.3579998779296875,119.0,26.491990966796877,250.59991455078125,1465.1990966796875,708.8393212892115,176.12
2019-05-05,2019-05-11,-1.6,-6.4,-3.6,-3.2,14.6,83.15945800766349,9.6,11.2,-8.160021972656182,116.0,-0.3800048828125,8.4,0.6696043457090785,-24.0,4.620001220703125,-2.8644063964858653,-9.2,6.0,-115.2,43.90394531249999,-0.620001220703125,36.0,-16.0,1.9840039062500001,51.744013671875,-3.100006103515625,-22.320043945312502,89.9993896484375,-11.159946288913488,56.0
2019-05-12,2019-05-18,2.720001220703125,1.8,2.4,-1.2200073242187273,24.4,424.44051757827157,-6.2,7.2,19.76004638671832,140.0,0.9800048828125,10.8,0.049202954098582496,-138.0,-1.620001220703125,0.032402001954615116,10.0,38.0,-21.96013183593709,4.7520703125,-0.020001220703125,18.0,2.6840161132812,0.02440163575112774,-11.6640087890625,0.044002685546875,-0.36002197265624997,576.4002685546843,5.240322265773982,-15.840000000000002
2019-05-19,2019-05-25,-0.3,-9.6,15.6,2.5599975585937274,48.0,3024.0440454110376,-11.0,35.2,-0.28001708984375,1066.0,1.8800048828125,-2.4,-0.3060021972656148,40.0,8.74000244140625,7.866002197265626,0.0,-14.0,163.83984374999855,567.423828125,0.9,64.0,-59.39194335937447,2.303997802734355,307.64808593750007,-20.88,57.6,-8027.208496093715,311.40032958984244,-816.64
2019-05-26,2019-06-01,-2.4,8.2,3.6,-13.139996337890626,38.6,732.4810717776418,-21.6,26.4,80.64013671874936,-232.0,2.07999267578125,-39.8,-0.1900024414062443,86.0,-6.54000244140625,3.270001220703125,9.8,-56.0,2154.959399414063,49.632128906249996,-0.5,-164.0,144.5399597167969,6.569998168945313,-172.65606445312497,5.5,82.0,1232.0013427734375,56.00006103515625,-290.4
2019-06-02,2019-06-08,-0.320001220703125,4.2,-6.4,3.84000244140625,-24.6,1708.798828125007,-31.6,-24.0,-4.159960937500182,-158.0,-4.57999267578125,34.0,-1.5840087890624797,86.0,4.8,8.64,-9.8,16.0,-115.2000732421875,24.480175781249997,1.8,-30.0,-0.76800048828125,6.91200439453125,-115.19999999999999,-0.36000000000000004,-54.0,-71.1999511718753,640.7995605468777,4.800000000000001
2019-06-09,2019-06-15,1.820001220703125,3.2,2.2,-3.620001220703125,-7.0,641.7597387693878,43.8,20.0,11.7600341796875,-526.0,-0.42000732421875,-12.2,-2.6400024414062386,44.0,-3.820001220703125,3.820001220703125,-2.0,14.0,-535.7601806640624,-110.800048828125,-1.0,148.0,31.8560107421875,3.620001220703125,-76.4000244140625,8.8,-148.0,1478.398925781263,167.99987792968895,-176.0
2019-06-16,2019-06-22,-1.94000244140625,-1.6,-5.8,3.8,-27.8,43.519672852009535,0.2,18.2,4.800000000000001,380.0,2.04000244140625,-20.8,0.36719685059040785,42.0,-0.639996337890625,1.3055901855602863,-0.8,-24.0,342.0,14.1960888671875,-2.039996337890625,90.0,1.52,-7.7519860839843755,-11.647933349609376,-0.8159985351562501,-183.59967041015628,-27.199951171875,138.71950195357203,7.28
2019-06-23,2019-06-29,1.220001220703125,20.0,-33.8,-3.120001220703125,15.8,94.07952148467302,-6.8,8.2,414.15992431640626,28.0,-3.0,51.2,14.291993408203146,48.0,3.35999755859375,6.04799560546875,4.2,62.0,62.4000244140625,-17.54802001953125,1.8,-20.0,-15.600006103515625,-5.616002197265625,27.551979980468747,9.0,-36.0,139.9993896484375,50.3997802734375,41.0
2019-06-30,2019-07-06,-4.0,7.0,36.8,5.779998779296898,92.6,303.1596899405154,30.4,56.4,527.3599609375,156.0,0.0,-4.6,-14.387991943359374,-44.0,1.0599975585937613,4.621586767584135,7.0,32.0,936.3598022460975,182.7361376953125,4.35999755859375,162.0,15.027996826171936,25.20078056640933,59.783862304688135,11.33599365234375,706.3196044921875,743.6009521484375,1246.960898436606,146.64000000000001
2019-07-07,2019-07-13,2.579998779296875,-4.2,-12.4,1.9,-2.6,99.00024414062428,17.2,-1.0,-313.59999999999997,-2.0,-7.2199951171875,-31.6,-12.584006347656251,-68.0,-0.5,-1.2100006103515626,-32.2,-56.0,125.39999999999999,3.9199951171875,2.420001220703125,66.0,-15.959999999999999,4.598002319335937,0.5,-20.328010253906253,159.72008056640627,1663.204101562488,-479.16142334043633,8.4
2019-07-14,2019-07-20,1.0,-17.8,20.0,0.32000732421872724,-30.4,330.2379541024634,-52.0,-39.0,-63.359838867189005,-334.0,5.4199951171875,-40.0,0.402797778323297,30.0,-0.6399963378906364,0.24319782715291216,-2.4,-66.0,-76.16174316405709,119.34038085937499,-0.379998779296875,-238.0,-4.358498193323309,-0.12160239256917564,24.95985717773482,5.175581518560657,90.43970947265625,7027.914155274661,196.07927734404856,531.1798095703134
2019-07-21,2019-07-27,0.920001220703125,7.4,9.4,2.4599975585937273,7.4,2693.9196240231395,47.8,61.6,-46.71992187500073,-46.0,-2.9800048828125,67.2,1.9591927001997829,76.0,5.95999755859375,7.390375146493316,29.8,32.0,-83.63991699218673,316.624150390625,1.239996337890625,-34.0,13.825174267589976,3.0503879638761,367.13584960937504,6.968773364275722,-42.159875488281244,2540.2384790033207,560.478496093303,346.1916992187514
2019-07-28,2019-08-03,1.079998779296875,11.4,3.8,-3.759997558593727,15.0,1734.3614721670776,35.2,11.0,732.3197753906251,54.0,-1.6199951171875,44.6,3.0008074218779806,158.0,1.94000244140625,2.4056077636778355,-3.0,92.0,-285.7598144531233,27.94002685546875,1.24000244140625,76.0,11.27999267578118,-4.662406152337761,21.34002685546875,-3.7200073242187504,94.240185546875,-2681.998901367192,1108.5617285147327,-33.0
2019-08-04,2019-08-10,-0.020001220703125,-11.0,33.0,-3.560003662109375,-14.0,262.15951904282633,24.0,-14.8,42.0,-146.0,-1.8199951171875,2.2,-0.1968022949248552,486.0,-4.520001220703125,3.7064065185561774,-8.0,-20.0,-555.3605712890625,-20.424072265625,-0.820001220703125,156.0,16.660834521502178,2.9192073486372827,66.89601806640626,3.837609716802817,-127.9201904296875,271.43971191347197,47.55997070297718,69.26407226562468
2019-08-11,2019-08-17,0.9799987792968864,-25.0,-0.2,-0.479998779296875,-12.0,-342.000732421875,-66.8,-9.4,-2.8000000000000003,380.0,-7.24000244140625,-2.4,0.37000000000000005,-40.0,1.14000244140625,-0.114000244140625,10.2,-14.0,54.719860839843754,-61.475908203125,-0.1,-114.0,3.3983878418058264,0.047999877929687504,-10.71602294921875,0.7079992675781273,11.4,2123.997802734382,30.0,66.55193115234397
2019-08-18,2019-08-24,0.1,21.0,-12.6,-0.28000488281248864,57.2,-832.3178417980703,12.6,104.6,673.1999999999999,2310.0,2.45999755859375,-3.6,-1.689984130859375,278.0,6.119995117187523,-39.7799682617189,2.8,66.0,-22.40039062499909,476.977021484375,-6.5,80.0,-1.0864168944954495,1.8200317382811761,640.1514892578149,-25.219952392578275,-520.0,-527.6780566424162,883.9984130859375,405.84723388672114
2019-08-25,2019-08-31,-4.479998779296887,-22.4,5.8,-5.479998779296887,-25.0,1578.9633032232243,-12.8,23.0,302.40000000000003,72.0,-0.0199951171875,-6.0,-7.9200073242187505,-212.0,2.5800048828124544,-7.740014648437363,11.8,-36.0,-186.31995849609416,-32.199999999999996,-3.0,34.0,-126.47839858397856,16.439996337890662,59.34011230468645,-69.24001464843744,-102.0,14124.965805664646,-1836.0003662109375,530.840112304687
2019-09-01,2019-09-07,-0.539996337890625,2.4,26.2,4.7,-8.8,1268.9579931646633,-5.8,-28.8,-76.16008300781249,-114.0,-6.4,-30.0,-9.960003662109376,-210.0,6.159997558593773,18.479992675781318,-23.2,-34.0,0.0,117.504140625,3.0,0.0,7.5200000000000005,14.100000000000001,-177.40792968750065,4.800000000000001,0.0,329.599609375,617.999267578125,-46.080000000000005
2019-09-08,2019-09-14,0.9249954223632812,12.6,16.6,4.400006103515625,-31.6,-432.64076171814787,22.2,-26.0,419.75991210937497,-476.0,0.0199951171875,12.6,2.3295993408188225,-14.0,4.15999755859375,5.32479179687798,-2.0,36.0,158.40021972656248,-75.39999999999999,1.279998779296875,36.0,76.56010620117186,5.632002441398799,-108.1599365234375,22.271978759765624,46.0799560546875,-1809.6042480468495,-133.12018554657513,-452.4
2019-09-15,2019-09-21,2.020001220703125,-0.5,43.75,-2.925003051757841,66.5,51.99971008114635,-14.25,-51.0,-206.1246109008789,145.0,5.774993896484375,34.0,-0.0700014877365902,102.5,-0.649993896484375,-0.25999855040572584,21.5,42.5,-277.8752899169949,36.975311279296875,0.40000152587890625,95.0,1.4625015258789205,-1.1700056839035937,33.149688720703125,-0.20000076293945312,38.000144958496094,40.000152587891534,-32.000244141091386,25.5
2019-09-22,2019-09-28,-1.25,-1.4,-20.4,-1.080004882812466,56.4,-170.7211621105671,-0.2,24.8,-16.12060546875,-120.0,-8.3,11.6,4.463997802734376,282.0,-1.94000244140625,3.49200439453125,-1.0,62.0,10.800048828124659,165.66412109375,-1.8,-10.0,3.240014648437398,1.944008789062439,-48.112060546875,5.4,18.0,-264.00146484375,-158.40087890625,-74.4
2019-09-29,2019-10-05,5.23333740234375,-2.5,-58.5,-8.75,23.0,1656.0016479343176,-18.0,-90.0,197.49984741210938,-245.0,4.0,-3.5,-0.259996643057093,480.0,4.79998779296875,-6.239998779259622,-33.5,-25.0,175.0,-310.5010986328125,-1.3000030517578125,-20.0,105.0,11.37502670288086,-431.9989013671875,15.60003662109375,26.00006103515625,-4140.0146484375,-448.5026397742331,1080.0
2019-10-06,2019-10-12,1.7333272298177085,4.0,-7.0,9.533345540364564,34.666666666666664,-759.0116780665186,81.0,39.0,768.4449598524305,916.6666666666666,4.366678873697917,104.66666666666667,3.9900130208374724,110.0,6.900004069010417,4.830016886401508,24.666666666666668,126.66666666666667,2383.336385091141,-289.900634765625,0.7000020345052084,250.0,22.244472927517318,6.67336127389635,269.10015869140625,1.633338080512153,175.0005086263021,-256.67046440972223,-77.00136312180096,91.0
2019-10-13,2019-10-19,3.7999979654948297,5.0,9.666666666666666,9.199991861979166,32.666666666666664,440.00244140625,29.666666666666668,112.33333333333333,0.0,500.0,-0.20001220703125,2.3333333333333335,2.2777726915147727,46.666666666666664,2.20001220703125,1.833343505859375,0.3333333333333333,0.0,-61.33327907986111,303.3013712565104,0.8333333333333334,-6.666666666666667,334.26637098524304,7.666659884982638,247.13470458984375,30.277777777777782,-5.555555555555556,7266.666666666667,166.66666666666669,4081.4444444444443
2019-10-20,2019-10-26,5.3599975585937285,15.0,1.0,0.7666625976562879,58.0,1570.6653917001352,-12.0,115.33333333333333,-68.00008138020833,380.0,1.0666707356770833,77.0,3.288899739583283,-13.333333333333334,4.133321126302083,11.022189670138888,-32.333333333333336,20.0,-68.99963378906591,-284.4898274739583,2.6666666666666665,-90.0,5.366638183594015,2.044433593750101,476.7097032335069,18.666666666666664,-240.0,2660.005696614583,1013.3355034722222,807.3333333333333
2019-10-27,2019-11-02,-1.1199951171875,5.0,-8.6,6.220007324218727,26.2,-3578.6408837884546,0.6,-59.4,-1.7999999999999998,120.0,-0.07999267578125,-25.8,1.89599853515625,-8.0,8.05999755859375,12.734786303713918,5.0,6.0,124.40014648437455,-144.93614501953124,1.579998779296875,20.0,-87.08010253906218,9.82760397948321,-478.76385498046875,-22.11998291015625,31.5999755859375,6216.003417968729,-701.5198437496997,831.6
2019-11-03,2019-11-09,1.2,7.6,-12.0,7.15999755859375,-77.8,668.00048828125,-13.4,42.4,-53.6,-418.0,1.75999755859375,21.4,4.50720588378609,-220.0,6.6800048828125,4.809611669927835,18.0,8.0,-730.3197509765624,131.44,0.720001220703125,-102.0,77.3279736328125,5.155206982418894,283.23220703124997,7.776013183593751,-73.44012451171875,1080.0,72.0001220703125,457.92
2019-11-10,2019-11-16,8.4199951171875,-9.0,-40.4,-3.44000244140625,117.6,-1495.9173291027626,-26.8,27.4,-281.599609375,312.0,-4.3800048828125,42.6,-2.4472010009735925,48.0,5.4199951171875,4.986402124017476,-2.6,80.0,185.7601318359375,-52.059999999999995,0.920001220703125,-54.0,-24.768017578125,-3.16480644531548,148.5078662109375,6.6240087890625,-49.68006591796875,-1987.1982421875107,-253.9201123043908,197.28
2019-11-17,2019-11-23,5.9800048828125,-14.8,-2.0,2.8199951171875,45.2,1242.80126953125,42.2,74.0,40.0798828125,1104.0,4.32000732421875,-8.4,-1.6512055175751152,-58.0,4.7800048828125,12.332406762689352,19.2,12.0,146.63974609375,-309.320361328125,2.579998779296875,52.0,-24.2519580078125,7.275583959966898,353.720361328125,-22.187989501953123,134.1599365234375,-2236.0,670.7996826171875,-636.4
2019-11-24,2019-11-30,2.0800048828125,7.2,52.2,-4.3,-104.2,791.9970703125,-1.8,7.4,629.28017578125,52.0,9.2199951171875,139.8,3.962409936524922,132.0,-6.0,-3.1200073242187503,17.0,72.0,-567.6,20.86805419921875,0.520001220703125,132.0,-45.58,-2.2360052490234374,-44.400000000000006,5.512012939453125,68.64016113281251,-1399.19482421875,-68.63990722596645,78.44
2019-12-01,2019-12-07,7.07999267578125,-21.8,27.0,2.24000244140625,43.8,1283.1653173863804,7.6,48.6,189.279931640625,-182.0,-12.9,-32.0,-1.8923911377042721,56.0,-5.7800048828125,-6.589184399396247,14.2,-28.0,22.4000244140625,-210.92411865234376,1.1399963378906364,10.0,-12.544013671874998,2.5535945800692095,-280.90823730468753,-6.383979492187564,11.399963378906364,1243.2041015624918,-253.08002196997492,-272.15999999999997
2019-12-08,2019-12-14,1.82000732421875,7.6,83.4,2.12000732421875,49.4,-275.40124511718005,60.8,45.4,-158.6,32.0,16.94000244140625,-22.0,-2.0199951171875115,166.0,-5.1,10.301975097656308,5.8,-26.0,42.400146484375,211.56388916015624,-2.0199951171875115,20.0,45.792158203125,-4.282404443323636,-231.53999999999996,-43.63189453125025,-40.39990234375023,1166.4052734374686,-109.08022949099308,980.64
2019-12-15,2019-12-21,-0.92000732421875,0.8,-26.2,0.6,-26.0,7017.2012939453125,60.4,-54.2,-190.4,116.0,-0.54000244140625,-72.0,-4.07479960937053,124.0,13.24000244140625,44.22155966795981,-0.2,-56.0,40.8,39.0237353515625,3.339996337890625,68.0,0.6,2.003997802734375,-717.6081323242188,3.339996337890625,227.1197509765625,530.0,1770.1980590820312,-54.2
2019-12-22,2019-12-28,-2.74000244140625,7.6,-14.8,1.67999267578125,29.0,-1486.7228710949366,42.6,36.0,-12.639990234375,152.0,-2.1,14.0,-1.9760015869140626,-68.0,3.6800048828125,5.59361191406846,-45.0,-2.0,-70.5596923828125,125.279736328125,1.520001220703125,-42.0,-0.6719970703125,2.5535909179598093,132.48017578124998,-0.6080004882812501,-63.84005126953125,161.60009765624943,-614.0808642581082,-14.4
2019-12-29,2020-01-04,-4.5,12.0,29.2,6.74000244140625,77.2,8504.317792966944,2.8,104.4,-14.080078125,408.0,0.35999755859375,-12.0,-22.343988037109376,106.0,12.07999267578125,59.19196411132813,-5.4,-16.0,404.400146484375,565.8487646484375,4.9,60.0,49.87601806640625,33.02601196289063,1261.1512353515627,36.260000000000005,294.0,5209.601806640614,3449.6011962890557,772.5600000000001
2020-01-05,2020-01-11,0.5,-13.8,34.0,34.74000244140625,-11.0,-3725.9887695312536,66.0,37.2,-93.23996582031249,220.0,3.0800048828125,2.0,30.23997802734375,104.0,23.00000000000002,207.0000000000002,28.6,-14.0,1528.5601074218748,-6.696181640625,9.0,44.0,-368.2440258789062,312.66002197265624,855.6000000000008,-95.39999999999999,396.0,1717.19482421875,-1457.99560546875,-394.32
2020-01-12,2020-01-18,-0.5,-6.4,12.4,16.040002441406227,106.6,-2878.3095166087373,-1.2,22.8,-81.12001953125,-78.0,1.6199951171875,-54.0,-2.1244032226502747,-26.0,-10.739990234375023,10.095617040991684,2.2,-8.0,6704.721020507803,33.744111328125,-0.9400024414062387,418.0,-67.36801025390615,-15.077641455083882,-244.87177734375052,3.9480102539062027,-392.9210205078078,-1125.5969238281314,-251.9199658185227,-95.76
2020-01-19,2020-01-25,-5.65999755859375,11.8,32.6,1.3799926757812728,3.4,89.04005371034268,-46.0,13.8,-225.0,1782.0,-0.67999267578125,24.0,-0.2495967773348184,-38.0,-0.84000244140625,0.20159750975669385,-29.2,-30.0,-115.91938476562692,-32.844067382812504,-0.23999633789063637,-84.0,20.42389160156284,-0.3311931885034058,-11.59203369140625,-3.5519458007814184,20.159692382813457,-1568.7963867187716,25.439553223551872,204.24
2020-01-26,2020-02-01,-4.35999755859375,-3.4,-17.0,-18.15999755859375,-101.2,-574.600830078125,11.2,-94.0,2.159912109375,-566.0,-5.82000732421875,-41.2,5.6771936767548326,-100.0,-3.3800048828125,11.559620825201273,-8.2,-36.0,3995.1994628906255,601.6,-3.420001220703125,-220.0,21.7919970703125,62.1072138183564,317.720458984375,4.10400146484375,752.4002685546875,-204.0,-581.4002075195312,112.8
2020-02-02,2020-02-08,8.7199951171875,-3.2,15.4,16.8,-70.4,-10277.801635742188,136.4,20.0,3132.2396972656247,604.0,10.32000732421875,35.6,-8.046403955072122,174.0,15.34000244140625,-32.82764267578704,30.0,124.0,-1041.6000000000001,92.800048828125,-2.1400024414062386,-62.0,-215.04000000000002,-35.95204101562481,306.800048828125,27.392031249999857,132.6801513671868,8576.0,1433.8016357421798,-256.0
2020-02-09,2020-02-15,-0.85999755859375,-10.6,-27.2,22.2,-1.0,-3781.59716796875,52.4,-37.6,1414.319189453129,-400.0,-5.860009765625,-44.4,2.293608251959075,-94.0,-6.5199951171875,-15.908804003894256,9.6,-166.0,-666.0,143.63181640625,2.4400024414062385,-30.0,395.16,54.16805419921849,245.15181640625002,43.43204345703105,-73.20007324218716,10324.0,1415.2014160156184,-669.2800000000001
2020-02-16,2020-02-22,-4.0199951171875,-6.2,15.4,17.6,18.4,18161.743686527014,2.6,19.8,138.31972656250127,-236.0,0.04000244140625,32.0,-2.5824256835877284,218.0,19.27999267578125,103.72633706055582,-3.6,28.0,2921.6000000000004,62.171806640625,5.379998779296875,166.0,176.0,94.687978515625,381.74385498046877,53.79998779296875,893.0797973632812,9419.9951171875,5067.956223145127,198.0
2020-02-23,2020-02-29,-6.475006103515625,-25.4,-62.4,-38.9,-108.0,11342.39501953125,-104.0,-171.4,2578.799316406253,-1396.0,-9.25999755859375,-88.8,32.48,-426.0,-20.4,57.11999999999999,-64.0,-140.0,17038.2,2577.854326171875,-2.8,-438.0,1400.3999999999999,108.91999999999999,3496.56,100.8,1226.3999999999999,20015.9912109375,1556.79931640625,6170.400000000001
2020-03-01,2020-03-07,-34.02499389648437,-41.5,-117.0,-28.125,-163.25,64821.095420839265,-97.0,-143.25,5958.954963684082,-1357.5,-11.350006103515625,-151.5,182.2186851501468,-472.5,-40.44999694824219,859.5624351501465,-59.0,-210.75,25031.25,3452.3258743286133,-21.25,-890.0,1617.1875,597.65625,5794.462062835693,1221.875,18912.5,92143.71490478516,34053.1120300293,8236.875
2020-03-08,2020-03-14,-13.060003662109375,-70.0,-134.25,-75.875,-328.0,229483.41863250826,-436.75,-482.5,34215.615463256836,-3262.5,-43.274993896484375,-362.5,1001.9249534606936,-1332.5,-62.275001525878906,1899.3875465393062,-85.25,-485.5,76102.625,15078.125,-30.499999999999993,-1003.0,8511.278356552124,2314.1874999999995,30047.688236236572,3421.3375930786124,30591.499999999993,413364.9547119159,112392.51861572263,54124.438972473145
2020-03-15,2020-03-21,6.9799987792968885,-6.0,-28.0,-13.35999755859375,127.0,3104.3174633793533,-144.2,-44.8,-1698.008549804685,-80.0,-6.979998779296875,170.0,117.7024150634742,-124.0,-2.179998779296875,30.258380395509313,-35.2,225.2,435.5359204101563,574.3360546875,-13.87999877929688,-32.6,234.60152451172473,185.43674980469055,97.66394531249999,243.73274467773743,452.4879602050783,25005.43009277433,19765.11317871139,786.6878906249999
2020-03-22,2020-03-28,8.3,21.2,62.0,14.4,95.6,73545.5908203125,152.4,108.8,2159.920141601561,1470.0,16.279998779296875,10.0,112.01118616943248,618.0,37.6,412.09602294921876,93.8,116.0,5425.92,1068.4161328124999,10.960000610351562,376.8,216.86396484375,157.8240087890625,4090.88,165.05758243408053,4129.728229980468,29457.35154785216,21437.758518066257,1638.527734375
2020-03-29,2020-04-04,0.6666666666666666,-1.8,23.6,22.65999755859375,77.4,-1571.362167969346,94.8,129.0,656.3360620117187,1488.0,12.540002441406227,-7.6,59.363982238769644,342.0,-6.44000244140625,-39.41280314940967,-7.2,50.8,4173.9715502929685,2451.0,6.119998168945324,184.2,232.0384303222597,138.67914356689928,-830.7603149414062,62.6687961914019,1127.3036627197287,2498.563095703721,1493.2810473628372,1320.9603149414063
2020-04-05,2020-04-11,4.233337402343731,-6.666666666666667,58.333333333333336,38.333333333333336,93.0,17013.32736545139,155.0,151.66666666666666,2068.8888888888887,553.3333333333334,21.900004069010453,80.33333333333333,-7.857794325074323,-240.0,11.599995930989584,26.293394910999254,20.0,65.33333333333333,-4702.222222222223,2254.7765435112847,2.266672770182273,-122.66666666666667,1328.888888888889,86.88912285698713,1759.3327162000867,78.57798936631879,-278.0451931423588,50844.444444444445,3324.4533962673336,5257.777777777777
2020-04-12,2020-04-18,-5.3,-15.0,40.666666666666664,-5.0,2.6666666666666665,8083.330790201823,-100.33333333333333,-46.0,2485.0206705729165,-1210.0,6.29998779296875,-127.66666666666667,1.288918389214318,43.333333333333336,12.5,-3.333409627278409,-43.666666666666664,-190.66666666666666,1425.0,461.532958984375,-0.2666727701822727,-285.0,103.16670735677084,1.3333638509113634,-575.0,5.502350328282787,76.00173950194772,-13342.889953611628,-172.44833712982236,949.1337076822917
2020-04-19,2020-04-25,9.133331298828123,12.6,15.2,17.0,86.8,4818.163354492187,-63.6,48.2,303.3235400390625,896.0,9.14000244140625,72.4,-0.03320209961384512,-224.0,10.52000732421875,17.46325068362045,36.2,94.2,615.4000000000001,-335.47188232421877,1.6600036621093637,36.2,53.380041503906256,28.220062255859183,507.06435302734377,5.212415551766718,60.09213256835897,1438.1211181640626,760.2816772460885,151.34811767578125
2020-04-26,2020-05-02,-7.0200012207031115,1.3333333333333333,63.0,25.400004069010418,33.0,5697.9974365234375,-80.0,154.33333333333334,2885.555555555556,880.0,-4.400004069010417,91.33333333333333,95.85328626839652,316.6666666666667,27.133321126302082,164.60864922424986,-33.666666666666664,163.33333333333334,8229.601318359375,3153.543816460504,6.066660563151042,324.0,1369.9067827690806,154.0932029893415,4187.575893825955,327.1952016873078,1965.5980224609375,11325.999145507812,1273.9987182617188,8323.71048312717
2020-05-03,2020-05-09,-1.8,4.2,-54.8,-4.04000244140625,-77.0,1807.11904296875,17.8,-23.6,1991.2,380.0,-6.25999755859375,-31.0,-15.171603124998509,-394.0,-9.2199951171875,-49.60356247559189,-16.8,-104.8,768.4084643554686,179.36,5.379998779296875,-190.2,-17.29123017579317,-21.735208203122017,217.591884765625,23.026421044915914,-1023.2757678222655,-838.8809570312501,-1054.4797607421874,-101.00811523437501
2020-05-10,2020-05-16,4.940002441406239,-39.8,-7.2,-15.5800048828125,-20.2,15085.443164062499,-77.8,-187.6,692.58,0.0,-4.0,-136.2,27.946391748040913,186.0,-23.2800048828125,179.72152402341365,-21.8,-135.8,3913.6972265624995,998.031083984375,-7.7199951171875,-251.2,363.9488760253787,120.27756162106989,4367.328916015625,180.33906708985566,1939.2627734374998,15137.27841796875,5002.5568359375,4382.335541992187
2020-05-17,2020-05-23,2.3499984741210938,22.4,-44.0,18.42000732421875,128.2,8004.0,17.8,44.6,698.6158471679687,472.0,6.5800048828125,40.0,-0.26,-28.0,13.8,-2.7600000000000002,18.0,62.6,1499.3885961914066,119.52767333984376,-0.2,81.4,412.6081640625,-3.6840014648437505,615.48,-4.4799999999999995,-16.28,12992.0,-116.0,999.04
2020-05-24,2020-05-30,-6.239996337890625,7.75,-20.75,-0.475006103515625,208.5,3535.6822204589844,-17.5,11.25,230.12489318847656,-692.5,-13.100006103515625,-14.0,18.506246566772493,210.0,-8.17498779296875,18.393722534179688,39.0,-17.5,-0.0,-73.96871566772461,-2.25,0.0,9.226995010394603,1.0687637329101562,-91.96861267089844,43.70625686645508,-0.0,8401.313819885254,973.125,-218.5312843322754
2020-05-31,2020-06-06,14.54999542236328,13.6,4.4,9.4,-36.8,-206.0791015625,11.2,168.2,390.43212158203124,384.0,0.3800048828125,-52.8,1.2511939208954626,268.0,1.1199951171875,0.5151950195431709,-22.8,-49.8,-150.4,555.06,0.45999755859375,-16.0,-135.17204589843752,4.3239770507812505,188.3831787109375,-6.614767138659954,-7.3599609375,2645.9208984375,-84.63955078125001,-2418.7168212890624
2020-06-07,2020-06-13,2.620001220703125,10.0,2.5,20.925003051757812,59.5,-115.24993896484375,11.0,-16.75,-93.26252746582031,-325.0,-1.975006103515625,25.0,-1.0931285476544872,-72.5,-11.524993896484375,-15.270581741351634,18.25,-4.5,3792.6568031311035,166.66244888305712,1.3249969482421875,181.25,-243.77615783689544,27.72556518553756,193.04364776611328,-15.436206359881908,240.15569686889648,-116.49993896484375,13.249969482421875,195.13739776611328
2020-06-14,2020-06-20,-5.240002441406238,-18.6,28.0,11.2,50.0,44.640454101562504,-26.0,-5.2,-107.78392089843751,960.0,0.5199951171875,3.2,10.939201123043894,-520.0,-0.72000732421875,3.7152360351383686,-12.2,-10.8,1236.48,27.56,-5.15999755859375,110.4,-203.6160546875,-57.79197265624999,3.7440380859375004,93.80878081053496,-569.66373046875,1127.1603027343751,319.9198486328125,94.53602539062501
2020-06-21,2020-06-27,1.0600055694579964,-16.0,19.0,-8.4,-103.0,211.2799072265625,-13.2,-9.8,1292.44,-588.0,4.660009765625,-33.6,0.4927872802690064,-138.0,-5.55999755859375,19.571198193356363,-9.4,-81.8,918.96,122.89202392578103,-3.5200012207031195,-109.4,133.56,29.568010253906206,54.48797607421876,55.968019409179604,385.0881335449213,604.2,133.76004638671853,155.82000000000002
2020-06-28,2020-07-04,-4.5600055694579975,9.999987792968795,-17.799984741210938,-3.6,-2.6,574.9986534117255,-57.999989318847746,50.6,1347.072362182625,-1012.0,-6.660006713867165,88.19998779296876,5.330008850098056,-352.0,11.500001144409179,-47.150006885528775,3.4000152587890624,76.80001831054688,253.43975830078125,-214.54385330200196,-4.100000190734863,-70.39993286132812,-11.808024444580159,14.760000686645508,581.9000579071045,-13.448028465272383,288.6397381591669,163.99993911660388,-204.99950904843863,165.96834358215446
2020-07-05,2020-07-11,0.4,-14.399987792968796,-19.600015258789064,-3.75999755859375,20.0,2150.398933105031,-42.40001068115225,-148.6,2994.815423873774,-1072.0,-1.4799957275390851,-93.79998779296875,8.816391702270897,-94.0,-13.440003585815429,21.23518669585683,1.7999847412109375,-141.80001831054688,81.9681992185861,1004.5364308166503,-1.5799985885620174,-21.800067138671874,37.67516434937259,5.940790835574757,1997.1845328521727,15.831581156162741,34.44407530965878,1603.198300781617,252.79958129900132,1488.9715578460728
2020-07-12,2020-07-18,1.4800048828124883,3.6,71.4,-6.24000244140625,42.0,662.6436767578125,27.6,135.2,927.1718115234374,236.0,0.27999267578125,-9.8,3.469195690918744,298.0,1.32000732421875,1.5576070312410668,6.6,38.6,-19.9680078125,1692.7041650390624,1.1799987792968807,3.2,2.7456163085998524,-7.36319526366893,178.464990234375,-0.5192023437470491,3.7759960937500185,-220.88122558594893,592.3593872070342,-59.48833007812807
2020-07-19,2020-07-25,-0.6750030517578125,-13.0,-13.0,14.6,58.0,-1330.5584960937501,-28.6,-1.6,982.6883203124999,-240.0,-0.25999755859375,-42.2,0.5487977783195436,6.0,8.639990234375,16.93438613280649,1.0,-65.6,-37.96,5.407998046875001,1.9600006103515568,-2.6,120.88789306640658,28.616008911132727,-13.823984375000002,16.228790698237713,-5.096001586914048,-1275.118872070316,-301.84009399413975,-13.247988281250038
2020-07-26,2020-08-01,,-4.0,-5.25,9.0,157.75,3325.0,-10.5,-81.25,-396.6746063232422,797.5,4.5500030517578125,85.0,-0.7799973678484176,445.0,-4.75,-4.631260871887173,-11.75,64.5,-1107.0,611.4063739776611,0.9750022888183523,-123.0,-14.174972534179432,8.77502059936517,385.9375,-1.535625629418025,-119.92528152465732,1102.4978637695112,-682.5016021728466,127.96850204467543
